Date,SP500
2/23/2026,6837.75
2/20/2026,6909.51
2/19/2026,6861.89
2/18/2026,6881.31
2/17/2026,6843.22
2/13/2026,6836.17
2/12/2026,6832.76
2/11/2026,6941.47
2/10/2026,6941.81
2/9/2026,6964.82
2/6/2026,6932.3
2/5/2026,6798.4
2/4/2026,6882.72
2/3/2026,6917.81
2/2/2026,6976.44
1/30/2026,6939.03
1/29/2026,6969.01
1/28/2026,6978.03
1/27/2026,6978.6
1/26/2026,6950.23
1/23/2026,6915.61
1/22/2026,6913.35
1/21/2026,6875.62
1/20/2026,6796.86
1/16/2026,6940.01
1/15/2026,6944.47
1/14/2026,6926.6
1/13/2026,6963.74
1/12/2026,6977.27
1/9/2026,6966.28
1/8/2026,6921.46
1/7/2026,6920.93
1/6/2026,6944.82
1/5/2026,6902.05
1/2/2026,6858.47
12/31/2025,6845.5
12/30/2025,6896.24
12/29/2025,6905.74
12/26/2025,6929.94
12/24/2025,6932.05
12/23/2025,6909.79
12/22/2025,6878.49
12/19/2025,6834.5
12/18/2025,6774.76
12/17/2025,6721.43
12/16/2025,6800.26
12/15/2025,6816.51
12/12/2025,6827.41
12/11/2025,6901
12/10/2025,6886.68
12/9/2025,6840.51
12/8/2025,6846.51
12/5/2025,6870.4
12/4/2025,6857.12
12/3/2025,6849.72
12/2/2025,6829.37
12/1/2025,6812.63
11/28/2025,6849.09
11/26/2025,6812.61
11/25/2025,6765.88
11/24/2025,6705.12
11/21/2025,6602.99
11/20/2025,6538.76
11/19/2025,6642.16
11/18/2025,6617.32
11/17/2025,6672.41
11/14/2025,6734.11
11/13/2025,6737.49
11/12/2025,6850.92
11/11/2025,6846.61
11/10/2025,6832.43
11/7/2025,6728.8
11/6/2025,6720.32
11/5/2025,6796.29
11/4/2025,6771.55
11/3/2025,6851.97
10/31/2025,6840.2
10/30/2025,6822.34
10/29/2025,6890.59
10/28/2025,6890.89
10/27/2025,6875.16
10/24/2025,6791.69
10/23/2025,6738.44
10/22/2025,6699.4
10/21/2025,6735.35
10/20/2025,6735.13
10/17/2025,6664.01
10/16/2025,6629.07
10/15/2025,6671.06
10/14/2025,6644.31
10/13/2025,6654.72
10/10/2025,6552.51
10/9/2025,6735.11
10/8/2025,6753.72
10/7/2025,6714.59
10/6/2025,6740.28
10/3/2025,6715.79
10/2/2025,6715.35
10/1/2025,6711.2
9/30/2025,6688.46
9/29/2025,6661.21
9/26/2025,6643.7
9/25/2025,6604.72
9/24/2025,6637.97
9/23/2025,6656.92
9/22/2025,6693.75
9/19/2025,6664.36
9/18/2025,6631.96
9/17/2025,6600.35
9/16/2025,6606.76
9/15/2025,6615.28
9/12/2025,6584.29
9/11/2025,6587.47
9/10/2025,6532.04
9/9/2025,6512.61
9/8/2025,6495.15
9/5/2025,6481.5
9/4/2025,6502.08
9/3/2025,6448.26
9/2/2025,6415.54
8/29/2025,6460.26
8/28/2025,6501.86
8/27/2025,6481.4
8/26/2025,6465.94
8/25/2025,6439.32
8/22/2025,6466.91
8/21/2025,6370.17
8/20/2025,6395.78
8/19/2025,6411.37
8/18/2025,6449.15
8/15/2025,6449.8
8/14/2025,6468.54
8/13/2025,6466.58
8/12/2025,6445.76
8/11/2025,6373.45
8/8/2025,6389.45
8/7/2025,6340
8/6/2025,6345.06
8/5/2025,6299.19
8/4/2025,6329.94
8/1/2025,6238.01
7/31/2025,6339.39
7/30/2025,6362.9
7/29/2025,6370.86
7/28/2025,6389.77
7/25/2025,6388.64
7/24/2025,6363.35
7/23/2025,6358.91
7/22/2025,6309.62
7/21/2025,6305.6
7/18/2025,6296.79
7/17/2025,6297.36
7/16/2025,6263.7
7/15/2025,6243.76
7/14/2025,6268.56
7/11/2025,6259.75
7/10/2025,6280.46
7/9/2025,6263.26
7/8/2025,6225.52
7/7/2025,6229.98
7/3/2025,6279.35
7/2/2025,6227.42
7/1/2025,6198.01
6/30/2025,6204.95
6/27/2025,6173.07
6/26/2025,6141.02
6/25/2025,6092.16
6/24/2025,6092.18
6/23/2025,6025.17
6/20/2025,5967.84
6/18/2025,5980.87
6/17/2025,5982.72
6/16/2025,6033.11
6/13/2025,5976.97
6/12/2025,6045.26
6/11/2025,6022.24
6/10/2025,6038.81
6/9/2025,6005.88
6/6/2025,6000.36
6/5/2025,5939.3
6/4/2025,5970.81
6/3/2025,5970.37
6/2/2025,5935.94
5/30/2025,5911.69
5/29/2025,5912.17
5/28/2025,5888.55
5/27/2025,5921.54
5/23/2025,5802.82
5/22/2025,5842.01
5/21/2025,5844.61
5/20/2025,5940.46
5/19/2025,5963.6
5/16/2025,5958.38
5/15/2025,5916.93
5/14/2025,5892.58
5/13/2025,5886.55
5/12/2025,5844.19
5/9/2025,5659.91
5/8/2025,5663.94
5/7/2025,5631.28
5/6/2025,5606.91
5/5/2025,5650.38
5/2/2025,5686.67
5/1/2025,5604.14
4/30/2025,5569.06
4/29/2025,5560.83
4/28/2025,5528.75
4/25/2025,5525.21
4/24/2025,5484.77
4/23/2025,5375.86
4/22/2025,5287.76
4/21/2025,5158.2
4/17/2025,5282.7
4/16/2025,5275.7
4/15/2025,5396.63
4/14/2025,5405.97
4/11/2025,5363.36
4/10/2025,5268.05
4/9/2025,5456.9
4/8/2025,4982.77
4/7/2025,5062.25
4/4/2025,5074.08
4/3/2025,5396.52
4/2/2025,5670.97
4/1/2025,5633.07
3/31/2025,5611.85
3/28/2025,5580.94
3/27/2025,5693.31
3/26/2025,5712.2
3/25/2025,5776.65
3/24/2025,5767.57
3/21/2025,5667.56
3/20/2025,5662.89
3/19/2025,5675.29
3/18/2025,5614.66
3/17/2025,5675.12
3/14/2025,5638.94
3/13/2025,5521.52
3/12/2025,5599.3
3/11/2025,5572.07
3/10/2025,5614.56
3/7/2025,5770.2
3/6/2025,5738.52
3/5/2025,5842.63
3/4/2025,5778.15
3/3/2025,5849.72
2/28/2025,5954.5
2/27/2025,5861.57
2/26/2025,5956.06
2/25/2025,5955.25
2/24/2025,5983.25
2/21/2025,6013.13
2/20/2025,6117.52
2/19/2025,6144.15
2/18/2025,6129.58
2/14/2025,6114.63
2/13/2025,6115.07
2/12/2025,6051.97
2/11/2025,6068.5
2/10/2025,6066.44
2/7/2025,6025.99
2/6/2025,6083.57
2/5/2025,6061.48
2/4/2025,6037.88
2/3/2025,5994.57
1/31/2025,6040.53
1/30/2025,6071.17
1/29/2025,6039.31
1/28/2025,6067.7
1/27/2025,6012.28
1/24/2025,6101.24
1/23/2025,6118.71
1/22/2025,6086.37
1/21/2025,6049.24
1/17/2025,5996.66
1/16/2025,5937.34
1/15/2025,5949.91
1/14/2025,5842.91
1/13/2025,5836.22
1/10/2025,5827.04
1/8/2025,5918.25
1/7/2025,5909.03
1/6/2025,5975.38
1/3/2025,5942.47
1/2/2025,5868.55
12/31/2024,5881.63
12/30/2024,5906.94
12/27/2024,5970.84
12/26/2024,6037.59
12/24/2024,6040.04
12/23/2024,5974.07
12/20/2024,5930.85
12/19/2024,5867.08
12/18/2024,5872.16
12/17/2024,6050.61
12/16/2024,6074.08
12/13/2024,6051.09
12/12/2024,6051.25
12/11/2024,6084.19
12/10/2024,6034.91
12/9/2024,6052.85
12/6/2024,6090.27
12/5/2024,6075.11
12/4/2024,6086.49
12/3/2024,6049.88
12/2/2024,6047.15
11/29/2024,6032.38
11/27/2024,5998.74
11/26/2024,6021.63
11/25/2024,5987.37
11/22/2024,5969.34
11/21/2024,5948.71
11/20/2024,5917.11
11/19/2024,5916.98
11/18/2024,5893.62
11/15/2024,5870.62
11/14/2024,5949.17
11/13/2024,5985.38
11/12/2024,5983.99
11/11/2024,6001.35
11/8/2024,5995.54
11/7/2024,5973.1
11/6/2024,5929.04
11/5/2024,5782.76
11/4/2024,5712.69
11/1/2024,5728.8
10/31/2024,5705.45
10/30/2024,5813.67
10/29/2024,5832.92
10/28/2024,5823.52
10/25/2024,5808.12
10/24/2024,5809.86
10/23/2024,5797.42
10/22/2024,5851.2
10/21/2024,5853.98
10/18/2024,5864.67
10/17/2024,5841.47
10/16/2024,5842.47
10/15/2024,5815.26
10/14/2024,5859.85
10/11/2024,5815.03
10/10/2024,5780.05
10/9/2024,5792.04
10/8/2024,5751.13
10/7/2024,5695.94
10/4/2024,5751.07
10/3/2024,5699.94
10/2/2024,5709.54
10/1/2024,5708.75
9/30/2024,5762.48
9/27/2024,5738.17
9/26/2024,5745.37
9/25/2024,5722.26
9/24/2024,5732.93
9/23/2024,5718.57
9/20/2024,5702.55
9/19/2024,5713.64
9/18/2024,5618.26
9/17/2024,5634.58
9/16/2024,5633.09
9/13/2024,5626.02
9/12/2024,5595.76
9/11/2024,5554.13
9/10/2024,5495.52
9/9/2024,5471.05
9/6/2024,5408.42
9/5/2024,5503.41
9/4/2024,5520.07
9/3/2024,5528.93
8/30/2024,5648.4
8/29/2024,5591.96
8/28/2024,5592.18
8/27/2024,5625.8
8/26/2024,5616.84
8/23/2024,5634.61
8/22/2024,5570.64
8/21/2024,5620.85
8/20/2024,5597.12
8/19/2024,5608.25
8/16/2024,5554.25
8/15/2024,5543.22
8/14/2024,5455.21
8/13/2024,5434.43
8/12/2024,5344.39
8/9/2024,5344.16
8/8/2024,5319.31
8/7/2024,5199.5
8/6/2024,5240.03
8/5/2024,5186.33
8/2/2024,5346.56
8/1/2024,5446.68
7/31/2024,5522.3
7/30/2024,5436.44
7/29/2024,5463.54
7/26/2024,5459.1
7/25/2024,5399.22
7/24/2024,5427.13
7/23/2024,5555.74
7/22/2024,5564.41
7/19/2024,5505
7/18/2024,5544.59
7/17/2024,5588.27
7/16/2024,5667.2
7/15/2024,5631.22
7/12/2024,5615.35
7/11/2024,5584.54
7/10/2024,5633.91
7/9/2024,5576.98
7/8/2024,5572.85
7/5/2024,5567.19
7/3/2024,5537.02
7/2/2024,5509.01
7/1/2024,5475.09
6/28/2024,5460.48
6/27/2024,5482.87
6/26/2024,5477.9
6/25/2024,5469.3
6/24/2024,5447.87
6/21/2024,5464.62
6/20/2024,5473.17
6/18/2024,5487.03
6/17/2024,5473.23
6/14/2024,5431.6
6/13/2024,5433.74
6/12/2024,5421.03
6/11/2024,5375.32
6/10/2024,5360.79
6/7/2024,5346.99
6/6/2024,5352.96
6/5/2024,5354.03
6/4/2024,5291.34
6/3/2024,5283.4
5/31/2024,5277.51
5/30/2024,5235.48
5/29/2024,5266.95
5/28/2024,5306.04
5/24/2024,5304.72
5/23/2024,5267.84
5/22/2024,5307.01
5/21/2024,5321.41
5/20/2024,5308.13
5/17/2024,5303.27
5/16/2024,5297.1
5/15/2024,5308.15
5/14/2024,5246.68
5/13/2024,5221.42
5/10/2024,5222.68
5/9/2024,5214.08
5/8/2024,5187.67
5/7/2024,5187.7
5/6/2024,5180.74
5/3/2024,5127.79
5/2/2024,5064.2
5/1/2024,5018.39
4/30/2024,5035.69
4/29/2024,5116.17
4/26/2024,5099.96
4/25/2024,5048.42
4/24/2024,5071.63
4/23/2024,5070.55
4/22/2024,5010.6
4/19/2024,4967.23
4/18/2024,5011.12
4/17/2024,5022.21
4/16/2024,5051.41
4/15/2024,5061.82
4/12/2024,5123.41
4/11/2024,5199.06
4/10/2024,5160.64
4/9/2024,5209.91
4/8/2024,5202.39
4/5/2024,5204.34
4/4/2024,5147.21
4/3/2024,5211.49
4/2/2024,5205.81
4/1/2024,5243.77
3/28/2024,5254.35
3/27/2024,5248.49
3/26/2024,5203.58
3/25/2024,5218.19
3/22/2024,5234.18
3/21/2024,5241.53
3/20/2024,5224.62
3/19/2024,5178.51
3/18/2024,5149.42
3/15/2024,5117.09
3/14/2024,5150.48
3/13/2024,5165.31
3/12/2024,5175.27
3/11/2024,5117.94
3/8/2024,5123.69
3/7/2024,5157.36
3/6/2024,5104.76
3/5/2024,5078.65
3/4/2024,5130.95
3/1/2024,5137.08
2/29/2024,5096.27
2/28/2024,5069.76
2/27/2024,5078.18
2/26/2024,5069.53
2/23/2024,5088.8
2/22/2024,5087.03
2/21/2024,4981.8
2/20/2024,4975.51
2/16/2024,5005.57
2/15/2024,5029.73
2/14/2024,5000.62
2/13/2024,4953.17
2/12/2024,5021.84
2/9/2024,5026.61
2/8/2024,4997.91
2/7/2024,4995.06
2/6/2024,4954.23
2/5/2024,4942.81
2/2/2024,4958.61
2/1/2024,4906.19
1/31/2024,4845.65
1/30/2024,4924.97
1/29/2024,4927.93
1/26/2024,4890.97
1/25/2024,4894.16
1/24/2024,4868.55
1/23/2024,4864.6
1/22/2024,4850.43
1/19/2024,4839.81
1/18/2024,4780.94
1/17/2024,4739.21
1/16/2024,4765.98
1/12/2024,4783.83
1/11/2024,4780.24
1/10/2024,4783.45
1/9/2024,4756.5
1/8/2024,4763.54
1/5/2024,4697.24
1/4/2024,4688.68
1/3/2024,4704.81
1/2/2024,4742.83
12/29/2023,4769.83
12/28/2023,4783.35
12/27/2023,4781.58
12/26/2023,4774.75
12/22/2023,4754.63
12/21/2023,4746.75
12/20/2023,4698.35
12/19/2023,4768.37
12/18/2023,4740.56
12/15/2023,4719.19
12/14/2023,4719.55
12/13/2023,4707.09
12/12/2023,4643.7
12/11/2023,4622.44
12/8/2023,4604.37
12/7/2023,4585.59
12/6/2023,4549.34
12/5/2023,4567.18
12/4/2023,4569.78
12/1/2023,4594.63
11/30/2023,4567.8
11/29/2023,4550.58
11/28/2023,4554.89
11/27/2023,4550.43
11/24/2023,4559.34
11/22/2023,4556.62
11/21/2023,4538.19
11/20/2023,4547.38
11/17/2023,4514.02
11/16/2023,4508.24
11/15/2023,4502.88
11/14/2023,4495.7
11/13/2023,4411.55
11/10/2023,4415.24
11/9/2023,4347.35
11/8/2023,4382.78
11/7/2023,4378.38
11/6/2023,4365.98
11/3/2023,4358.34
11/2/2023,4317.78
11/1/2023,4237.86
10/31/2023,4193.8
10/30/2023,4166.82
10/27/2023,4117.37
10/26/2023,4137.23
10/25/2023,4186.77
10/24/2023,4247.68
10/23/2023,4217.04
10/20/2023,4224.16
10/19/2023,4278
10/18/2023,4314.6
10/17/2023,4373.2
10/16/2023,4373.63
10/13/2023,4327.78
10/12/2023,4349.61
10/11/2023,4376.95
10/10/2023,4358.24
10/9/2023,4335.66
10/6/2023,4308.5
10/5/2023,4258.19
10/4/2023,4263.75
10/3/2023,4229.45
10/2/2023,4288.39
9/29/2023,4288.05
9/28/2023,4299.7
9/27/2023,4274.51
9/26/2023,4273.53
9/25/2023,4337.44
9/22/2023,4320.06
9/21/2023,4330
9/20/2023,4402.2
9/19/2023,4443.95
9/18/2023,4453.53
9/15/2023,4450.32
9/14/2023,4505.1
9/13/2023,4467.44
9/12/2023,4461.9
9/11/2023,4487.46
9/8/2023,4457.49
9/7/2023,4451.14
9/6/2023,4465.48
9/5/2023,4496.83
9/1/2023,4515.77
8/31/2023,4507.66
8/30/2023,4514.87
8/29/2023,4497.63
8/28/2023,4433.31
8/25/2023,4405.71
8/24/2023,4376.31
8/23/2023,4436.01
8/22/2023,4387.55
8/21/2023,4399.77
8/18/2023,4369.71
8/17/2023,4370.36
8/16/2023,4404.33
8/15/2023,4437.86
8/14/2023,4489.72
8/11/2023,4464.05
8/10/2023,4468.83
8/9/2023,4467.71
8/8/2023,4499.38
8/7/2023,4518.44
8/4/2023,4478.03
8/3/2023,4501.89
8/2/2023,4513.39
8/1/2023,4576.73
7/31/2023,4588.96
7/28/2023,4582.23
7/27/2023,4537.41
7/26/2023,4566.75
7/25/2023,4567.46
7/24/2023,4554.64
7/21/2023,4536.34
7/20/2023,4534.87
7/19/2023,4565.72
7/18/2023,4554.98
7/17/2023,4522.79
7/14/2023,4505.42
7/13/2023,4510.04
7/12/2023,4472.16
7/11/2023,4439.26
7/10/2023,4409.53
7/7/2023,4398.95
7/6/2023,4411.59
7/5/2023,4446.82
7/3/2023,4455.59
6/30/2023,4450.38
6/29/2023,4396.44
6/28/2023,4376.86
6/27/2023,4378.41
6/26/2023,4328.82
6/23/2023,4348.33
6/22/2023,4381.89
6/21/2023,4365.69
6/20/2023,4388.71
6/16/2023,4409.59
6/15/2023,4425.84
6/14/2023,4372.59
6/13/2023,4369.01
6/12/2023,4338.93
6/9/2023,4298.86
6/8/2023,4293.93
6/7/2023,4267.52
6/6/2023,4283.85
6/5/2023,4273.79
6/2/2023,4282.37
6/1/2023,4221.02
5/31/2023,4179.83
5/30/2023,4205.52
5/26/2023,4205.45
5/25/2023,4151.28
5/24/2023,4115.24
5/23/2023,4145.58
5/22/2023,4192.63
5/19/2023,4191.98
5/18/2023,4198.05
5/17/2023,4158.77
5/16/2023,4109.9
5/15/2023,4136.28
5/12/2023,4124.08
5/11/2023,4130.62
5/10/2023,4137.64
5/9/2023,4119.17
5/8/2023,4138.12
5/5/2023,4136.25
5/4/2023,4061.22
5/3/2023,4090.75
5/2/2023,4119.58
5/1/2023,4167.87
4/28/2023,4169.48
4/27/2023,4135.35
4/26/2023,4055.99
4/25/2023,4071.63
4/24/2023,4137.04
4/21/2023,4133.52
4/20/2023,4129.79
4/19/2023,4154.52
4/18/2023,4154.87
4/17/2023,4151.32
4/14/2023,4137.64
4/13/2023,4146.22
4/12/2023,4091.95
4/11/2023,4108.94
4/10/2023,4109.11
4/6/2023,4105.02
4/5/2023,4090.38
4/4/2023,4100.6
4/3/2023,4124.51
3/31/2023,4109.31
3/30/2023,4050.83
3/29/2023,4027.81
3/28/2023,3971.27
3/27/2023,3977.53
3/24/2023,3970.99
3/23/2023,3948.72
3/22/2023,3936.97
3/21/2023,4002.87
3/20/2023,3951.57
3/17/2023,3916.64
3/16/2023,3960.28
3/15/2023,3891.93
3/14/2023,3919.29
3/13/2023,3855.76
3/10/2023,3861.59
3/9/2023,3918.32
3/8/2023,3992.01
3/7/2023,3986.37
3/6/2023,4048.42
3/3/2023,4045.64
3/2/2023,3981.35
3/1/2023,3951.39
2/28/2023,3970.15
2/27/2023,3982.24
2/24/2023,3970.04
2/23/2023,4012.32
2/22/2023,3991.05
2/21/2023,3997.34
2/17/2023,4079.09
2/16/2023,4090.41
2/15/2023,4147.6
2/14/2023,4136.13
2/13/2023,4137.29
2/10/2023,4090.46
2/9/2023,4081.5
2/8/2023,4117.86
2/7/2023,4164
2/6/2023,4111.08
2/3/2023,4136.48
2/2/2023,4179.76
2/1/2023,4119.21
1/31/2023,4076.6
1/30/2023,4017.77
1/27/2023,4070.56
1/26/2023,4060.43
1/25/2023,4016.22
1/24/2023,4016.95
1/23/2023,4019.81
1/20/2023,3972.61
1/19/2023,3898.85
1/18/2023,3928.86
1/17/2023,3990.97
1/13/2023,3999.09
1/12/2023,3983.17
1/11/2023,3969.61
1/10/2023,3919.25
1/9/2023,3892.09
1/6/2023,3895.08
1/5/2023,3808.1
1/4/2023,3852.97
1/3/2023,3824.14
12/30/2022,3839.5
12/29/2022,3849.28
12/28/2022,3783.22
12/27/2022,3829.25
12/23/2022,3844.82
12/22/2022,3822.39
12/21/2022,3878.44
12/20/2022,3821.62
12/19/2022,3817.66
12/16/2022,3852.36
12/15/2022,3895.75
12/14/2022,3995.32
12/13/2022,4019.65
12/12/2022,3990.56
12/9/2022,3934.38
12/8/2022,3963.51
12/7/2022,3933.92
12/6/2022,3941.26
12/5/2022,3998.84
12/2/2022,4071.7
12/1/2022,4076.57
11/30/2022,4080.11
11/29/2022,3957.63
11/28/2022,3963.94
11/25/2022,4026.12
11/23/2022,4027.26
11/22/2022,4003.58
11/21/2022,3949.94
11/18/2022,3965.34
11/17/2022,3946.56
11/16/2022,3958.79
11/15/2022,3991.73
11/14/2022,3957.25
11/11/2022,3992.93
11/10/2022,3956.37
11/9/2022,3748.57
11/8/2022,3828.11
11/7/2022,3806.8
11/4/2022,3770.55
11/3/2022,3719.89
11/2/2022,3759.69
11/1/2022,3856.1
10/31/2022,3871.98
10/28/2022,3901.06
10/27/2022,3807.3
10/26/2022,3830.6
10/25/2022,3859.11
10/24/2022,3797.34
10/21/2022,3752.75
10/20/2022,3665.78
10/19/2022,3695.16
10/18/2022,3719.98
10/17/2022,3677.95
10/14/2022,3583.07
10/13/2022,3669.91
10/12/2022,3577.03
10/11/2022,3588.84
10/10/2022,3612.39
10/7/2022,3639.66
10/6/2022,3744.52
10/5/2022,3783.28
10/4/2022,3790.93
10/3/2022,3678.43
9/30/2022,3585.62
9/29/2022,3640.47
9/28/2022,3719.04
9/27/2022,3647.29
9/26/2022,3655.04
9/23/2022,3693.23
9/22/2022,3757.99
9/21/2022,3789.93
9/20/2022,3855.93
9/19/2022,3899.89
9/16/2022,3873.33
9/15/2022,3901.35
9/14/2022,3946.01
9/13/2022,3932.69
9/12/2022,4110.41
9/9/2022,4067.36
9/8/2022,4006.18
9/7/2022,3979.87
9/6/2022,3908.19
9/2/2022,3924.26
9/1/2022,3966.85
8/31/2022,3955
8/30/2022,3986.16
8/29/2022,4030.61
8/26/2022,4057.66
8/25/2022,4199.12
8/24/2022,4140.77
8/23/2022,4128.73
8/22/2022,4137.99
8/19/2022,4228.48
8/18/2022,4283.74
8/17/2022,4274.04
8/16/2022,4305.2
8/15/2022,4297.14
8/12/2022,4280.15
8/11/2022,4207.27
8/10/2022,4210.24
8/9/2022,4122.47
8/8/2022,4140.06
8/5/2022,4145.19
8/4/2022,4151.94
8/3/2022,4155.17
8/2/2022,4091.19
8/1/2022,4118.63
7/29/2022,4130.29
7/28/2022,4072.43
7/27/2022,4023.61
7/26/2022,3921.05
7/25/2022,3966.84
7/22/2022,3961.63
7/21/2022,3998.95
7/20/2022,3959.9
7/19/2022,3936.69
7/18/2022,3830.85
7/15/2022,3863.16
7/14/2022,3790.38
7/13/2022,3801.78
7/12/2022,3818.8
7/11/2022,3854.43
7/8/2022,3899.38
7/7/2022,3902.62
7/6/2022,3845.08
7/5/2022,3831.39
7/1/2022,3825.33
6/30/2022,3785.38
6/29/2022,3818.83
6/28/2022,3821.55
6/27/2022,3900.11
6/24/2022,3911.74
6/23/2022,3795.73
6/22/2022,3759.89
6/21/2022,3764.79
6/17/2022,3674.84
6/16/2022,3666.77
6/15/2022,3789.99
6/14/2022,3735.48
6/13/2022,3749.63
6/10/2022,3900.86
6/9/2022,4017.82
6/8/2022,4115.77
6/7/2022,4160.68
6/6/2022,4121.43
6/3/2022,4108.54
6/2/2022,4176.82
6/1/2022,4101.23
5/31/2022,4132.15
5/27/2022,4158.24
5/26/2022,4057.84
5/25/2022,3978.73
5/24/2022,3941.48
5/23/2022,3973.75
5/20/2022,3901.36
5/19/2022,3900.79
5/18/2022,3923.68
5/17/2022,4088.85
5/16/2022,4008.01
5/13/2022,4023.89
5/12/2022,3930.08
5/11/2022,3935.18
5/10/2022,4001.05
5/9/2022,3991.24
5/6/2022,4123.34
5/5/2022,4146.87
5/4/2022,4300.17
5/3/2022,4175.48
5/2/2022,4155.38
4/29/2022,4131.93
4/28/2022,4287.5
4/27/2022,4183.96
4/26/2022,4175.2
4/25/2022,4296.12
4/22/2022,4271.78
4/21/2022,4393.66
4/20/2022,4459.45
4/19/2022,4462.21
4/18/2022,4391.69
4/14/2022,4392.59
4/13/2022,4446.59
4/12/2022,4397.45
4/11/2022,4412.53
4/8/2022,4488.28
4/7/2022,4500.21
4/6/2022,4481.15
4/5/2022,4525.12
4/4/2022,4582.64
4/1/2022,4545.86
3/31/2022,4530.41
3/30/2022,4602.45
3/29/2022,4631.6
3/28/2022,4575.52
3/25/2022,4543.06
3/24/2022,4520.16
3/23/2022,4456.24
3/22/2022,4511.61
3/21/2022,4461.18
3/18/2022,4463.12
3/17/2022,4411.67
3/16/2022,4357.86
3/15/2022,4262.45
3/14/2022,4173.11
3/11/2022,4204.31
3/10/2022,4259.52
3/9/2022,4277.88
3/8/2022,4170.7
3/7/2022,4201.09
3/4/2022,4328.87
3/3/2022,4363.49
3/2/2022,4386.54
3/1/2022,4306.26
2/28/2022,4373.94
2/25/2022,4384.65
2/24/2022,4288.7
2/23/2022,4225.5
2/22/2022,4304.76
2/18/2022,4348.87
2/17/2022,4380.26
2/16/2022,4475.01
2/15/2022,4471.07
2/14/2022,4401.67
2/11/2022,4418.64
2/10/2022,4504.1
2/9/2022,4587.2
2/8/2022,4521.5
2/7/2022,4483.9
2/4/2022,4500.5
2/3/2022,4477.4
2/2/2022,4589.4
2/1/2022,4546.5
1/31/2022,4515.6
1/28/2022,4431.9
1/27/2022,4326.5
1/26/2022,4349.9
1/25/2022,4356.4
1/24/2022,4410.1
1/21/2022,4397.9
1/20/2022,4482.7
1/19/2022,4532.8
1/18/2022,4577.1
1/14/2022,4662.9
1/13/2022,4659
1/12/2022,4726.4
1/11/2022,4713.1
1/10/2022,4670.3
1/7/2022,4677
1/6/2022,4696.1
1/5/2022,4700.6
1/4/2022,4793.5
1/3/2022,4796.6
12/31/2021,4766.2
12/30/2021,4778.7
12/29/2021,4793.1
12/28/2021,4786.4
12/27/2021,4791.2
12/23/2021,4725.8
12/22/2021,4696.6
12/21/2021,4649.2
12/20/2021,4568
12/17/2021,4620.6
12/16/2021,4668.7
12/15/2021,4709.9
12/14/2021,4634.1
12/13/2021,4669
12/10/2021,4712
12/9/2021,4667.4
12/8/2021,4701.2
12/7/2021,4686.8
12/6/2021,4591.7
12/3/2021,4538.4
12/2/2021,4577.1
12/1/2021,4513
11/30/2021,4567
11/29/2021,4655.3
11/26/2021,4594.6
11/24/2021,4701.5
11/23/2021,4690.7
11/22/2021,4682.9
11/19/2021,4698
11/18/2021,4704.5
11/17/2021,4688.7
11/16/2021,4700.9
11/15/2021,4682.8
11/12/2021,4682.9
11/11/2021,4649.3
11/10/2021,4646.7
11/9/2021,4685.2
11/8/2021,4701.7
11/5/2021,4697.5
11/4/2021,4680.1
11/3/2021,4660.6
11/2/2021,4630.6
11/1/2021,4613.7
10/29/2021,4605.4
10/28/2021,4596.4
10/27/2021,4551.7
10/26/2021,4574.8
10/25/2021,4566.5
10/22/2021,4544.9
10/21/2021,4549.8
10/20/2021,4536.2
10/19/2021,4519.6
10/18/2021,4486.5
10/15/2021,4471.4
10/14/2021,4438.3
10/13/2021,4363.8
10/12/2021,4350.6
10/11/2021,4361.2
10/8/2021,4391.3
10/7/2021,4399.8
10/6/2021,4363.6
10/5/2021,4345.7
10/4/2021,4300.5
10/1/2021,4357
9/30/2021,4307.5
9/29/2021,4359.5
9/28/2021,4352.6
9/27/2021,4443.1
9/24/2021,4455.5
9/23/2021,4449
9/22/2021,4395.6
9/21/2021,4354.2
9/20/2021,4357.7
9/17/2021,4433
9/16/2021,4473.8
9/15/2021,4480.7
9/14/2021,4443.1
9/13/2021,4468.7
9/10/2021,4458.6
9/9/2021,4493.3
9/8/2021,4514.1
9/7/2021,4520
9/3/2021,4535.4
9/2/2021,4536.9
9/1/2021,4524.1
8/31/2021,4522.7
8/30/2021,4528.8
8/27/2021,4509.4
8/26/2021,4470
8/25/2021,4496.2
8/24/2021,4486.2
8/23/2021,4479.5
8/20/2021,4441.7
8/19/2021,4405.8
8/18/2021,4400.3
8/17/2021,4448.1
8/16/2021,4479.7
8/13/2021,4468
8/12/2021,4460.8
8/11/2021,4447.7
8/10/2021,4436.8
8/9/2021,4432.4
8/6/2021,4436.5
8/5/2021,4429.1
8/4/2021,4402.7
8/3/2021,4423.1
8/2/2021,4387.2
7/30/2021,4395.3
7/29/2021,4419.1
7/28/2021,4400.6
7/27/2021,4401.5
7/26/2021,4422.3
7/23/2021,4411.8
7/22/2021,4367.5
7/21/2021,4358.7
7/20/2021,4323.1
7/19/2021,4258.5
7/16/2021,4327.2
7/15/2021,4360
7/14/2021,4374.3
7/13/2021,4369.2
7/12/2021,4384.6
7/9/2021,4369.6
7/8/2021,4320.8
7/7/2021,4358.1
7/6/2021,4343.5
7/2/2021,4352.3
7/1/2021,4319.9
6/30/2021,4297.5
6/29/2021,4291.8
6/28/2021,4290.6
6/25/2021,4280.7
6/24/2021,4266.5
6/23/2021,4241.8
6/22/2021,4246.4
6/21/2021,4224.8
6/18/2021,4166.4
6/17/2021,4221.9
6/16/2021,4223.7
6/15/2021,4246.6
6/14/2021,4255.1
6/11/2021,4247.4
6/10/2021,4239.2
6/9/2021,4219.6
6/8/2021,4227.3
6/7/2021,4226.5
6/4/2021,4229.9
6/3/2021,4192.9
6/2/2021,4208.1
6/1/2021,4202
5/28/2021,4204.1
5/27/2021,4200.9
5/26/2021,4196
5/25/2021,4188.1
5/24/2021,4197.1
5/21/2021,4155.9
5/20/2021,4159.1
5/19/2021,4115.7
5/18/2021,4127.8
5/17/2021,4163.3
5/14/2021,4173.9
5/13/2021,4112.5
5/12/2021,4063
5/11/2021,4152.1
5/10/2021,4188.4
5/7/2021,4232.6
5/6/2021,4201.6
5/5/2021,4167.6
5/4/2021,4164.7
5/3/2021,4192.7
4/30/2021,4181.2
4/29/2021,4211.5
4/28/2021,4183.2
4/27/2021,4186.7
4/26/2021,4187.6
4/23/2021,4180.2
4/22/2021,4135
4/21/2021,4173.4
4/20/2021,4134.9
4/19/2021,4163.3
4/16/2021,4185.5
4/15/2021,4170.4
4/14/2021,4124.7
4/13/2021,4141.6
4/12/2021,4128
4/9/2021,4128.8
4/8/2021,4097.2
4/7/2021,4079.9
4/6/2021,4073.9
4/5/2021,4077.9
4/1/2021,4019.9
3/31/2021,3972.9
3/30/2021,3958.6
3/29/2021,3971.1
3/26/2021,3974.5
3/25/2021,3909.5
3/24/2021,3889.1
3/23/2021,3910.5
3/22/2021,3940.6
3/19/2021,3913.1
3/18/2021,3915.5
3/17/2021,3974.1
3/16/2021,3962.7
3/15/2021,3968.9
3/12/2021,3943.3
3/11/2021,3939.3
3/10/2021,3898.8
3/9/2021,3875.4
3/8/2021,3821.3
3/5/2021,3841.9
3/4/2021,3768.5
3/3/2021,3819.7
3/2/2021,3870.3
3/1/2021,3901.8
2/26/2021,3811.2
2/25/2021,3829.3
2/24/2021,3925.4
2/23/2021,3881.4
2/22/2021,3876.5
2/19/2021,3906.7
2/18/2021,3914
2/17/2021,3931.3
2/16/2021,3932.6
2/12/2021,3934.8
2/11/2021,3916.4
2/10/2021,3909.9
2/9/2021,3911.2
2/8/2021,3915.6
2/5/2021,3886.8
2/4/2021,3871.7
2/3/2021,3830.2
2/2/2021,3826.3
2/1/2021,3773.9
1/29/2021,3714.2
1/28/2021,3787.4
1/27/2021,3750.8
1/26/2021,3849.6
1/25/2021,3855.4
1/22/2021,3841.5
1/21/2021,3853.1
1/20/2021,3851.8
1/19/2021,3798.9
1/15/2021,3768.2
1/14/2021,3795.5
1/13/2021,3809.8
1/12/2021,3801.2
1/11/2021,3799.6
1/8/2021,3824.7
1/7/2021,3803.8
1/6/2021,3748.1
1/5/2021,3726.9
1/4/2021,3700.7
12/31/2020,3756.1
12/30/2020,3732
12/29/2020,3727
12/28/2020,3735.4
12/24/2020,3703.1
12/23/2020,3690
12/22/2020,3687.3
12/21/2020,3694.9
12/18/2020,3709.4
12/17/2020,3722.5
12/16/2020,3701.2
12/15/2020,3694.6
12/14/2020,3647.5
12/11/2020,3663.5
12/10/2020,3668.1
12/9/2020,3672.8
12/8/2020,3702.2
12/7/2020,3692
12/4/2020,3699.1
12/3/2020,3666.7
12/2/2020,3669
12/1/2020,3662.4
11/30/2020,3621.6
11/27/2020,3638.3
11/25/2020,3629.7
11/24/2020,3635.4
11/23/2020,3577.6
11/20/2020,3557.5
11/19/2020,3581.9
11/18/2020,3567.8
11/17/2020,3609.5
11/16/2020,3626.9
11/13/2020,3585.2
11/12/2020,3537
11/11/2020,3572.7
11/10/2020,3545.5
11/9/2020,3550.5
11/6/2020,3509.4
11/5/2020,3510.4
11/4/2020,3443.4
11/3/2020,3369.2
11/2/2020,3310.2
10/30/2020,3270
10/29/2020,3310.1
10/28/2020,3271
10/27/2020,3390.7
10/26/2020,3401
10/23/2020,3465.4
10/22/2020,3453.5
10/21/2020,3435.6
10/20/2020,3443.1
10/19/2020,3426.9
10/16/2020,3483.8
10/15/2020,3483.3
10/14/2020,3488.7
10/13/2020,3511.9
10/12/2020,3534.2
10/9/2020,3477.1
10/8/2020,3446.8
10/7/2020,3419.4
10/6/2020,3360.9
10/5/2020,3408.6
10/2/2020,3348.4
10/1/2020,3380.8
9/30/2020,3363
9/29/2020,3335.5
9/28/2020,3351.6
9/25/2020,3298.5
9/24/2020,3246.6
9/23/2020,3236.9
9/22/2020,3315.6
9/21/2020,3281.1
9/18/2020,3319.5
9/17/2020,3357
9/16/2020,3385.5
9/15/2020,3401.2
9/14/2020,3383.5
9/11/2020,3341
9/10/2020,3339.2
9/9/2020,3399
9/8/2020,3331.8
9/4/2020,3427
9/3/2020,3455.1
9/2/2020,3580.8
9/1/2020,3526.7
8/31/2020,3500.3
8/28/2020,3508
8/27/2020,3484.6
8/26/2020,3478.7
8/25/2020,3443.6
8/24/2020,3431.3
8/21/2020,3397.2
8/20/2020,3385.5
8/19/2020,3374.8
8/18/2020,3389.8
8/17/2020,3382
8/14/2020,3372.8
8/13/2020,3373.4
8/12/2020,3380.3
8/11/2020,3333.7
8/10/2020,3360.5
8/7/2020,3351.3
8/6/2020,3349.2
8/5/2020,3327.8
8/4/2020,3306.5
8/3/2020,3294.6
7/31/2020,3271.1
7/30/2020,3246.2
7/29/2020,3258.4
7/28/2020,3218.4
7/27/2020,3239.4
7/24/2020,3215.6
7/23/2020,3235.7
7/22/2020,3276
7/21/2020,3257.3
7/20/2020,3251.8
7/17/2020,3224.7
7/16/2020,3215.6
7/15/2020,3226.6
7/14/2020,3197.5
7/13/2020,3155.2
7/10/2020,3185
7/9/2020,3152.1
7/8/2020,3169.9
7/7/2020,3145.3
7/6/2020,3179.7
7/2/2020,3130
7/1/2020,3115.9
6/30/2020,3100.3
6/29/2020,3053.2
6/26/2020,3009.1
6/25/2020,3083.8
6/24/2020,3050.3
6/23/2020,3131.3
6/22/2020,3117.9
6/19/2020,3097.7
6/18/2020,3115.3
6/17/2020,3113.5
6/16/2020,3124.7
6/15/2020,3066.6
6/12/2020,3041.3
6/11/2020,3002.1
6/10/2020,3190.1
6/9/2020,3207.2
6/8/2020,3232.4
6/5/2020,3193.9
6/4/2020,3112.3
6/3/2020,3122.9
6/2/2020,3080.8
6/1/2020,3055.7
5/29/2020,3044.3
5/28/2020,3029.7
5/27/2020,3036.1
5/26/2020,2991.8
5/22/2020,2955.4
5/21/2020,2948.5
5/20/2020,2971.6
5/19/2020,2922.9
5/18/2020,2953.9
5/15/2020,2863.7
5/14/2020,2852.5
5/13/2020,2820
5/12/2020,2870.1
5/11/2020,2930.3
5/8/2020,2929.8
5/7/2020,2881.2
5/6/2020,2848.4
5/5/2020,2868.4
5/4/2020,2842.7
5/1/2020,2830.7
4/30/2020,2912.4
4/29/2020,2939.5
4/28/2020,2863.4
4/27/2020,2878.5
4/24/2020,2836.7
4/23/2020,2797.8
4/22/2020,2799.3
4/21/2020,2736.6
4/20/2020,2823.2
4/17/2020,2874.6
4/16/2020,2799.6
4/15/2020,2783.4
4/14/2020,2846.1
4/13/2020,2761.6
4/9/2020,2789.8
4/8/2020,2750
4/7/2020,2659.4
4/6/2020,2663.7
4/3/2020,2488.7
4/2/2020,2526.9
4/1/2020,2470.5
3/31/2020,2584.6
3/30/2020,2626.7
3/27/2020,2541.5
3/26/2020,2630.1
3/25/2020,2475.6
3/24/2020,2447.3
3/23/2020,2237.4
3/20/2020,2304.9
3/19/2020,2409.4
3/18/2020,2398.1
3/17/2020,2529.2
3/16/2020,2386.1
3/13/2020,2711
3/12/2020,2480.6
3/11/2020,2741.4
3/10/2020,2882.2
3/9/2020,2746.6
3/6/2020,2972.4
3/5/2020,3023.9
3/4/2020,3130.1
3/3/2020,3003.4
3/2/2020,3090.2
2/28/2020,2954.2
2/27/2020,2978.8
2/26/2020,3116.4
2/25/2020,3128.2
2/24/2020,3225.9
2/21/2020,3337.8
2/20/2020,3373.2
2/19/2020,3386.2
2/18/2020,3370.3
2/14/2020,3380.2
2/13/2020,3373.9
2/12/2020,3379.4
2/11/2020,3357.8
2/10/2020,3352.1
2/7/2020,3327.7
2/6/2020,3345.8
2/5/2020,3334.7
2/4/2020,3297.6
2/3/2020,3248.9
1/31/2020,3225.5
1/30/2020,3283.7
1/29/2020,3273.4
1/28/2020,3276.2
1/27/2020,3243.6
1/24/2020,3295.5
1/23/2020,3325.5
1/22/2020,3321.8
1/21/2020,3320.8
1/17/2020,3329.6
1/16/2020,3316.8
1/15/2020,3289.3
1/14/2020,3283.2
1/13/2020,3288.1
1/10/2020,3265.3
1/9/2020,3274.7
1/8/2020,3253.1
1/7/2020,3237.2
1/6/2020,3246.3
1/3/2020,3234.8
1/2/2020,3257.8
12/31/2019,3230.8
12/30/2019,3221.3
12/27/2019,3240
12/26/2019,3239.9
12/24/2019,3223.4
12/23/2019,3224
12/20/2019,3221.2
12/19/2019,3205.4
12/18/2019,3191.1
12/17/2019,3192.5
12/16/2019,3191.4
12/13/2019,3168.8
12/12/2019,3168.6
12/11/2019,3141.6
12/10/2019,3132.5
12/9/2019,3136
12/6/2019,3145.9
12/5/2019,3117.4
12/4/2019,3112.8
12/3/2019,3093.2
12/2/2019,3113.9
11/29/2019,3141
11/27/2019,3153.6
11/26/2019,3140.5
11/25/2019,3133.6
11/22/2019,3110.3
11/21/2019,3103.5
11/20/2019,3108.5
11/19/2019,3120.2
11/18/2019,3122
11/15/2019,3120.5
11/14/2019,3096.6
11/13/2019,3094
11/12/2019,3091.8
11/11/2019,3087
11/8/2019,3093.1
11/7/2019,3085.2
11/6/2019,3076.8
11/5/2019,3074.6
11/4/2019,3078.3
11/1/2019,3066.9
10/31/2019,3037.6
10/30/2019,3046.8
10/29/2019,3036.9
10/28/2019,3039.4
10/25/2019,3022.6
10/24/2019,3010.3
10/23/2019,3004.5
10/22/2019,2996
10/21/2019,3006.7
10/18/2019,2986.2
10/17/2019,2997.9
10/16/2019,2989.7
10/15/2019,2995.7
10/14/2019,2966.2
10/11/2019,2970.3
10/10/2019,2938.1
10/9/2019,2919.4
10/8/2019,2893.1
10/7/2019,2938.8
10/4/2019,2952
10/3/2019,2910.6
10/2/2019,2887.6
10/1/2019,2940.2
9/30/2019,2976.7
9/27/2019,2961.8
9/26/2019,2977.6
9/25/2019,2984.9
9/24/2019,2966.6
9/23/2019,2991.8
9/20/2019,2992.1
9/19/2019,3006.8
9/18/2019,3006.7
9/17/2019,3005.7
9/16/2019,2998
9/13/2019,3007.4
9/12/2019,3009.6
9/11/2019,3000.9
9/10/2019,2979.4
9/9/2019,2978.4
9/6/2019,2978.7
9/5/2019,2976
9/4/2019,2937.8
9/3/2019,2906.3
8/30/2019,2926.5
8/29/2019,2924.6
8/28/2019,2887.9
8/27/2019,2869.2
8/26/2019,2878.4
8/23/2019,2847.1
8/22/2019,2922.9
8/21/2019,2924.4
8/20/2019,2900.5
8/19/2019,2923.7
8/16/2019,2888.7
8/15/2019,2847.6
8/14/2019,2840.6
8/13/2019,2926.3
8/12/2019,2883.8
8/9/2019,2918.7
8/8/2019,2938.1
8/7/2019,2884
8/6/2019,2881.8
8/5/2019,2844.7
8/2/2019,2932.1
8/1/2019,2953.6
7/31/2019,2980.4
7/30/2019,3013.2
7/29/2019,3021
7/26/2019,3025.9
7/25/2019,3003.7
7/24/2019,3019.6
7/23/2019,3005.5
7/22/2019,2985
7/19/2019,2976.6
7/18/2019,2995.1
7/17/2019,2984.4
7/16/2019,3004
7/15/2019,3014.3
7/12/2019,3013.8
7/11/2019,2999.9
7/10/2019,2993.1
7/9/2019,2979.6
7/8/2019,2975.9
7/5/2019,2990.4
7/3/2019,2995.8
7/2/2019,2973
7/1/2019,2964.3
6/28/2019,2941.8
6/27/2019,2924.9
6/26/2019,2913.8
6/25/2019,2917.4
6/24/2019,2945.3
6/21/2019,2950.5
6/20/2019,2954.2
6/19/2019,2926.5
6/18/2019,2917.8
6/17/2019,2889.7
6/14/2019,2887
6/13/2019,2891.6
6/12/2019,2879.8
6/11/2019,2885.7
6/10/2019,2886.7
6/7/2019,2873.3
6/6/2019,2843.5
6/5/2019,2826.2
6/4/2019,2803.3
6/3/2019,2744.4
5/31/2019,2752.1
5/30/2019,2788.9
5/29/2019,2783
5/28/2019,2802.4
5/24/2019,2826.1
5/23/2019,2822.2
5/22/2019,2856.3
5/21/2019,2864.4
5/20/2019,2840.2
5/17/2019,2859.5
5/16/2019,2876.3
5/15/2019,2851
5/14/2019,2834.4
5/13/2019,2811.9
5/10/2019,2881.4
5/9/2019,2870.7
5/8/2019,2879.4
5/7/2019,2884.1
5/6/2019,2932.5
5/3/2019,2945.6
5/2/2019,2917.5
5/1/2019,2923.7
4/30/2019,2945.8
4/29/2019,2943
4/26/2019,2939.9
4/25/2019,2926.2
4/24/2019,2927.2
4/23/2019,2933.7
4/22/2019,2908
4/18/2019,2905
4/17/2019,2900.4
4/16/2019,2907.1
4/15/2019,2905.6
4/12/2019,2907.4
4/11/2019,2888.3
4/10/2019,2888.2
4/9/2019,2878.2
4/8/2019,2895.8
4/5/2019,2892.7
4/4/2019,2879.4
4/3/2019,2873.4
4/2/2019,2867.2
4/1/2019,2867.2
3/29/2019,2834.4
3/28/2019,2815.4
3/27/2019,2805.4
3/26/2019,2818.5
3/25/2019,2798.4
3/22/2019,2800.7
3/21/2019,2854.9
3/20/2019,2824.2
3/19/2019,2832.6
3/18/2019,2832.9
3/15/2019,2822.5
3/14/2019,2808.5
3/13/2019,2810.9
3/12/2019,2791.5
3/11/2019,2783.3
3/8/2019,2743.1
3/7/2019,2748.9
3/6/2019,2771.4
3/5/2019,2789.7
3/4/2019,2792.8
3/1/2019,2803.7
2/28/2019,2784.5
2/27/2019,2792.4
2/26/2019,2793.9
2/25/2019,2796.1
2/22/2019,2792.7
2/21/2019,2774.9
2/20/2019,2784.7
2/19/2019,2779.8
2/15/2019,2775.6
2/14/2019,2745.7
2/13/2019,2753
2/12/2019,2744.7
2/11/2019,2709.8
2/8/2019,2707.9
2/7/2019,2706.1
2/6/2019,2731.6
2/5/2019,2737.7
2/4/2019,2724.9
2/1/2019,2706.5
1/31/2019,2704.1
1/30/2019,2681.1
1/29/2019,2640
1/28/2019,2643.8
1/25/2019,2664.8
1/24/2019,2642.3
1/23/2019,2638.7
1/22/2019,2632.9
1/18/2019,2670.7
1/17/2019,2636
1/16/2019,2616.1
1/15/2019,2610.3
1/14/2019,2582.6
1/11/2019,2596.3
1/10/2019,2596.6
1/9/2019,2585
1/8/2019,2574.4
1/7/2019,2549.7
1/4/2019,2531.9
1/3/2019,2447.9
1/2/2019,2510
12/31/2018,2506.8
12/28/2018,2485.7
12/27/2018,2488.8
12/26/2018,2467.7
12/24/2018,2351.1
12/21/2018,2416.6
12/20/2018,2467.4
12/19/2018,2507
12/18/2018,2546.2
12/17/2018,2545.9
12/14/2018,2599.9
12/13/2018,2650.5
12/12/2018,2651.1
12/11/2018,2636.8
12/10/2018,2637.7
12/7/2018,2633.1
12/6/2018,2695.9
12/4/2018,2700.1
12/3/2018,2790.4
11/30/2018,2760.2
11/29/2018,2737.8
11/28/2018,2743.8
11/27/2018,2682.2
11/26/2018,2673.4
11/23/2018,2632.6
11/21/2018,2649.9
11/20/2018,2641.9
11/19/2018,2690.7
11/16/2018,2736.3
11/15/2018,2730.2
11/14/2018,2701.6
11/13/2018,2722.2
11/12/2018,2726.2
11/9/2018,2781
11/8/2018,2806.8
11/7/2018,2813.9
11/6/2018,2755.4
11/5/2018,2738.3
11/2/2018,2723.1
11/1/2018,2740.4
10/31/2018,2711.7
10/30/2018,2682.6
10/29/2018,2641.2
10/26/2018,2658.7
10/25/2018,2705.6
10/24/2018,2656.1
10/23/2018,2740.7
10/22/2018,2755.9
10/19/2018,2767.8
10/18/2018,2768.8
10/17/2018,2809.2
10/16/2018,2809.9
10/15/2018,2750.8
10/12/2018,2767.1
10/11/2018,2728.4
10/10/2018,2785.7
10/9/2018,2880.3
10/8/2018,2884.4
10/5/2018,2885.6
10/4/2018,2901.6
10/3/2018,2925.5
10/2/2018,2923.4
10/1/2018,2924.6
9/28/2018,2914
9/27/2018,2914
9/26/2018,2906
9/25/2018,2915.6
9/24/2018,2919.4
9/21/2018,2929.7
9/20/2018,2930.8
9/19/2018,2907.9
9/18/2018,2904.3
9/17/2018,2888.8
9/14/2018,2905
9/13/2018,2904.2
9/12/2018,2888.9
9/11/2018,2887.9
9/10/2018,2877.1
9/7/2018,2871.7
9/6/2018,2878.1
9/5/2018,2888.6
9/4/2018,2896.7
8/31/2018,2901.5
8/30/2018,2901.1
8/29/2018,2914
8/28/2018,2897.5
8/27/2018,2896.7
8/24/2018,2874.7
8/23/2018,2857
8/22/2018,2861.8
8/21/2018,2863
8/20/2018,2857.1
8/17/2018,2850.1
8/16/2018,2840.7
8/15/2018,2818.4
8/14/2018,2840
8/13/2018,2821.9
8/10/2018,2833.3
8/9/2018,2853.6
8/8/2018,2857.7
8/7/2018,2858.4
8/6/2018,2850.4
8/3/2018,2840.3
8/2/2018,2827.2
8/1/2018,2813.4
7/31/2018,2816.3
7/30/2018,2802.6
7/27/2018,2818.8
7/26/2018,2837.4
7/25/2018,2846.1
7/24/2018,2820.4
7/23/2018,2807
7/20/2018,2801.8
7/19/2018,2804.5
7/18/2018,2815.6
7/17/2018,2809.6
7/16/2018,2798.4
7/13/2018,2801.3
7/12/2018,2798.3
7/11/2018,2774
7/10/2018,2793.8
7/9/2018,2784.2
7/6/2018,2759.8
7/5/2018,2736.6
7/3/2018,2713.2
7/2/2018,2726.7
6/29/2018,2718.4
6/28/2018,2716.3
6/27/2018,2699.6
6/26/2018,2723.1
6/25/2018,2717.1
6/22/2018,2754.9
6/21/2018,2749.8
6/20/2018,2767.3
6/19/2018,2762.6
6/18/2018,2773.8
6/15/2018,2779.7
6/14/2018,2782.5
6/13/2018,2775.6
6/12/2018,2786.8
6/11/2018,2782
6/8/2018,2779
6/7/2018,2770.4
6/6/2018,2772.3
6/5/2018,2748.8
6/4/2018,2746.9
6/1/2018,2734.6
5/31/2018,2705.3
5/30/2018,2724
5/29/2018,2689.9
5/25/2018,2721.3
5/24/2018,2727.8
5/23/2018,2733.3
5/22/2018,2724.4
5/21/2018,2733
5/18/2018,2713
5/17/2018,2720.1
5/16/2018,2722.5
5/15/2018,2711.4
5/14/2018,2730.1
5/11/2018,2727.7
5/10/2018,2723.1
5/9/2018,2697.8
5/8/2018,2671.9
5/7/2018,2672.6
5/4/2018,2663.4
5/3/2018,2629.7
5/2/2018,2635.7
5/1/2018,2654.8
4/30/2018,2648.1
4/27/2018,2669.9
4/26/2018,2666.9
4/25/2018,2639.4
4/24/2018,2634.6
4/23/2018,2670.3
4/20/2018,2670.1
4/19/2018,2693.1
4/18/2018,2708.6
4/17/2018,2706.4
4/16/2018,2677.8
4/13/2018,2656.3
4/12/2018,2664
4/11/2018,2642.2
4/10/2018,2656.9
4/9/2018,2613.2
4/6/2018,2604.5
4/5/2018,2662.8
4/4/2018,2644.7
4/3/2018,2614.4
4/2/2018,2581.9
3/29/2018,2640.9
3/28/2018,2605
3/27/2018,2612.6
3/26/2018,2658.6
3/23/2018,2588.3
3/22/2018,2643.7
3/21/2018,2711.9
3/20/2018,2716.9
3/19/2018,2712.9
3/16/2018,2752
3/15/2018,2747.3
3/14/2018,2749.5
3/13/2018,2765.3
3/12/2018,2783
3/9/2018,2786.6
3/8/2018,2739
3/7/2018,2726.8
3/6/2018,2728.1
3/5/2018,2720.9
3/2/2018,2691.2
3/1/2018,2677.7
2/28/2018,2713.8
2/27/2018,2744.3
2/26/2018,2779.6
2/23/2018,2747.3
2/22/2018,2704
2/21/2018,2701.3
2/20/2018,2716.3
2/16/2018,2732.2
2/15/2018,2731.2
2/14/2018,2698.6
2/13/2018,2662.9
2/12/2018,2656
2/9/2018,2619.6
2/8/2018,2581
2/7/2018,2681.7
2/6/2018,2695.1
2/5/2018,2648.9
2/2/2018,2762.1
2/1/2018,2822
1/31/2018,2823.8
1/30/2018,2822.4
1/29/2018,2853.5
1/26/2018,2872.9
1/25/2018,2839.2
1/24/2018,2837.5
1/23/2018,2839.1
1/22/2018,2833
1/19/2018,2810.3
1/18/2018,2798
1/17/2018,2802.6
1/16/2018,2776.4
1/12/2018,2786.2
1/11/2018,2767.6
1/10/2018,2748.2
1/9/2018,2751.3
1/8/2018,2747.7
1/5/2018,2743.2
1/4/2018,2724
1/3/2018,2713.1
1/2/2018,2695.8
12/29/2017,2673.6
12/28/2017,2687.5
12/27/2017,2682.6
12/26/2017,2680.5
12/22/2017,2683.3
12/21/2017,2684.6
12/20/2017,2679.2
12/19/2017,2681.5
12/18/2017,2690.2
12/15/2017,2675.8
12/14/2017,2652
12/13/2017,2662.8
12/12/2017,2664.1
12/11/2017,2660
12/8/2017,2651.5
12/7/2017,2637
12/6/2017,2629.3
12/5/2017,2629.6
12/4/2017,2639.4
12/1/2017,2642.2
11/30/2017,2647.6
11/29/2017,2626.1
11/28/2017,2627
11/27/2017,2601.4
11/24/2017,2602.4
11/22/2017,2597.1
11/21/2017,2599
11/20/2017,2582.1
11/17/2017,2578.8
11/16/2017,2585.6
11/15/2017,2564.6
11/14/2017,2578.9
11/13/2017,2584.8
11/10/2017,2582.3
11/9/2017,2584.6
11/8/2017,2594.4
11/7/2017,2590.6
11/6/2017,2591.1
11/3/2017,2587.8
11/2/2017,2579.8
11/1/2017,2579.4
10/31/2017,2575.3
10/30/2017,2572.8
10/27/2017,2581.1
10/26/2017,2560.4
10/25/2017,2557.2
10/24/2017,2569.1
10/23/2017,2565
10/20/2017,2575.2
10/19/2017,2562.1
10/18/2017,2561.3
10/17/2017,2559.4
10/16/2017,2557.6
10/13/2017,2553.2
10/12/2017,2550.9
10/11/2017,2555.2
10/10/2017,2550.6
10/9/2017,2544.7
10/6/2017,2549.3
10/5/2017,2552.1
10/4/2017,2537.7
10/3/2017,2534.6
10/2/2017,2529.1
9/29/2017,2519.4
9/28/2017,2510.1
9/27/2017,2507
9/26/2017,2496.8
9/25/2017,2496.7
9/22/2017,2502.2
9/21/2017,2500.6
9/20/2017,2508.2
9/19/2017,2506.7
9/18/2017,2503.9
9/15/2017,2500.2
9/14/2017,2495.6
9/13/2017,2498.4
9/12/2017,2496.5
9/11/2017,2488.1
9/8/2017,2461.4
9/7/2017,2465.1
9/6/2017,2465.5
9/5/2017,2457.8
9/1/2017,2476.6
8/31/2017,2471.7
8/30/2017,2457.6
8/29/2017,2446.3
8/28/2017,2444.2
8/25/2017,2443.1
8/24/2017,2439
8/23/2017,2444
8/22/2017,2452.5
8/21/2017,2428.4
8/18/2017,2425.6
8/17/2017,2430
8/16/2017,2468.1
8/15/2017,2464.6
8/14/2017,2465.8
8/11/2017,2441.3
8/10/2017,2438.2
8/9/2017,2474
8/8/2017,2474.9
8/7/2017,2480.9
8/4/2017,2476.8
8/3/2017,2472.2
8/2/2017,2477.6
8/1/2017,2476.3
7/31/2017,2470.3
7/28/2017,2472.1
7/27/2017,2475.4
7/26/2017,2477.8
7/25/2017,2477.1
7/24/2017,2469.9
7/21/2017,2472.5
7/20/2017,2473.4
7/19/2017,2473.8
7/18/2017,2460.6
7/17/2017,2459.1
7/14/2017,2459.3
7/13/2017,2447.8
7/12/2017,2443.2
7/11/2017,2425.5
7/10/2017,2427.4
7/7/2017,2425.2
7/6/2017,2409.8
7/5/2017,2432.5
7/3/2017,2429
6/30/2017,2423.4
6/29/2017,2419.7
6/28/2017,2440.7
6/27/2017,2419.4
6/26/2017,2439.1
6/23/2017,2438.3
6/22/2017,2434.5
6/21/2017,2435.6
6/20/2017,2437
6/19/2017,2453.5
6/16/2017,2433.2
6/15/2017,2432.5
6/14/2017,2437.9
6/13/2017,2440.3
6/12/2017,2429.4
6/9/2017,2431.8
6/8/2017,2433.8
6/7/2017,2433.1
6/6/2017,2429.3
6/5/2017,2436.1
6/2/2017,2439.1
6/1/2017,2430.1
5/31/2017,2411.8
5/30/2017,2412.9
5/26/2017,2415.8
5/25/2017,2415.1
5/24/2017,2404.4
5/23/2017,2398.4
5/22/2017,2394
5/19/2017,2381.7
5/18/2017,2365.7
5/17/2017,2357
5/16/2017,2400.7
5/15/2017,2402.3
5/12/2017,2390.9
5/11/2017,2394.4
5/10/2017,2399.6
5/9/2017,2396.9
5/8/2017,2399.4
5/5/2017,2399.3
5/4/2017,2389.5
5/3/2017,2388.1
5/2/2017,2391.2
5/1/2017,2388.3
4/28/2017,2384.2
4/27/2017,2388.8
4/26/2017,2387.4
4/25/2017,2388.6
4/24/2017,2374.2
4/21/2017,2348.7
4/20/2017,2355.8
4/19/2017,2338.2
4/18/2017,2342.2
4/17/2017,2349
4/13/2017,2328.9
4/12/2017,2344.9
4/11/2017,2353.8
4/10/2017,2357.2
4/7/2017,2355.5
4/6/2017,2357.5
4/5/2017,2352.9
4/4/2017,2360.2
4/3/2017,2358.8
3/31/2017,2362.7
3/30/2017,2368.1
3/29/2017,2361.1
3/28/2017,2358.6
3/27/2017,2341.6
3/24/2017,2344
3/23/2017,2346
3/22/2017,2348.4
3/21/2017,2344
3/20/2017,2373.5
3/17/2017,2378.2
3/16/2017,2381.4
3/15/2017,2385.3
3/14/2017,2365.4
3/13/2017,2373.5
3/10/2017,2372.6
3/9/2017,2364.9
3/8/2017,2363
3/7/2017,2368.4
3/6/2017,2375.3
3/3/2017,2383.1
3/2/2017,2381.9
3/1/2017,2396
2/28/2017,2363.6
2/27/2017,2369.8
2/24/2017,2367.3
2/23/2017,2363.8
2/22/2017,2362.8
2/21/2017,2365.4
2/17/2017,2351.2
2/16/2017,2347.2
2/15/2017,2349.2
2/14/2017,2337.6
2/13/2017,2328.2
2/10/2017,2316.1
2/9/2017,2307.9
2/8/2017,2294.7
2/7/2017,2293.1
2/6/2017,2292.6
2/3/2017,2297.4
2/2/2017,2280.8
2/1/2017,2279.6
1/31/2017,2278.9
1/30/2017,2280.9
1/27/2017,2294.7
1/26/2017,2296.7
1/25/2017,2298.4
1/24/2017,2280.1
1/23/2017,2265.2
1/20/2017,2271.3
1/19/2017,2263.7
1/18/2017,2271.9
1/17/2017,2267.9
1/13/2017,2274.6
1/12/2017,2270.4
1/11/2017,2275.3
1/10/2017,2268.9
1/9/2017,2268.9
1/6/2017,2277
1/5/2017,2269
1/4/2017,2270.8
1/3/2017,2257.8
12/30/2016,2238.8
12/29/2016,2249.3
12/28/2016,2249.9
12/27/2016,2268.9
12/23/2016,2263.8
12/22/2016,2261
12/21/2016,2265.2
12/20/2016,2270.8
12/19/2016,2262.5
12/16/2016,2258.1
12/15/2016,2262
12/14/2016,2253.3
12/13/2016,2271.7
12/12/2016,2257
12/9/2016,2259.5
12/8/2016,2246.2
12/7/2016,2241.3
12/6/2016,2212.2
12/5/2016,2204.7
12/2/2016,2191.9
12/1/2016,2191.1
11/30/2016,2198.8
11/29/2016,2204.7
11/28/2016,2201.7
11/25/2016,2213.3
11/23/2016,2204.7
11/22/2016,2202.9
11/21/2016,2198.2
11/18/2016,2181.9
11/17/2016,2187.1
11/16/2016,2176.9
11/15/2016,2180.4
11/14/2016,2164.2
11/11/2016,2164.4
11/10/2016,2167.5
11/9/2016,2163.3
11/8/2016,2139.6
11/7/2016,2131.5
11/4/2016,2085.2
11/3/2016,2088.7
11/2/2016,2097.9
11/1/2016,2111.7
10/31/2016,2126.2
10/28/2016,2126.4
10/27/2016,2133
10/26/2016,2139.4
10/25/2016,2143.2
10/24/2016,2151.3
10/21/2016,2141.2
10/20/2016,2141.3
10/19/2016,2144.3
10/18/2016,2139.6
10/17/2016,2126.5
10/14/2016,2133
10/13/2016,2132.6
10/12/2016,2139.2
10/11/2016,2136.7
10/10/2016,2163.7
10/7/2016,2153.7
10/6/2016,2160.8
10/5/2016,2159.7
10/4/2016,2150.5
10/3/2016,2161.2
9/30/2016,2168.3
9/29/2016,2151.1
9/28/2016,2171.4
9/27/2016,2159.9
9/26/2016,2146.1
9/23/2016,2164.7
9/22/2016,2177.2
9/21/2016,2163.1
9/20/2016,2139.8
9/19/2016,2139.1
9/16/2016,2139.2
9/15/2016,2147.3
9/14/2016,2125.8
9/13/2016,2127
9/12/2016,2159
9/9/2016,2127.8
9/8/2016,2181.3
9/7/2016,2186.2
9/6/2016,2186.5
9/2/2016,2180
9/1/2016,2170.9
8/31/2016,2170.9
8/30/2016,2176.1
8/29/2016,2180.4
8/26/2016,2169
8/25/2016,2172.5
8/24/2016,2175.4
8/23/2016,2186.9
8/22/2016,2182.6
8/19/2016,2183.9
8/18/2016,2187
8/17/2016,2182.2
8/16/2016,2178.2
8/15/2016,2190.2
8/12/2016,2184.1
8/11/2016,2185.8
8/10/2016,2175.5
8/9/2016,2181.7
8/8/2016,2180.9
8/5/2016,2182.9
8/4/2016,2164.2
8/3/2016,2163.8
8/2/2016,2157
8/1/2016,2170.8
7/29/2016,2173.6
7/28/2016,2170.1
7/27/2016,2166.6
7/26/2016,2169.2
7/25/2016,2168.5
7/22/2016,2175
7/21/2016,2165.2
7/20/2016,2173
7/19/2016,2163.8
7/18/2016,2166.9
7/15/2016,2161.7
7/14/2016,2163.8
7/13/2016,2152.4
7/12/2016,2152.1
7/11/2016,2137.2
7/8/2016,2129.9
7/7/2016,2097.9
7/6/2016,2099.7
7/5/2016,2088.6
7/1/2016,2102.9
6/30/2016,2098.9
6/29/2016,2070.8
6/28/2016,2036.1
6/27/2016,2000.5
6/24/2016,2037.4
6/23/2016,2113.3
6/22/2016,2085.4
6/21/2016,2088.9
6/20/2016,2083.2
6/17/2016,2071.2
6/16/2016,2078
6/15/2016,2071.5
6/14/2016,2075.3
6/13/2016,2079.1
6/10/2016,2096.1
6/9/2016,2115.5
6/8/2016,2119.1
6/7/2016,2112.1
6/6/2016,2109.4
6/3/2016,2099.1
6/2/2016,2105.3
6/1/2016,2099.3
5/31/2016,2097
5/27/2016,2099.1
5/26/2016,2090.1
5/25/2016,2090.5
5/24/2016,2076.1
5/23/2016,2048
5/20/2016,2052.3
5/19/2016,2040
5/18/2016,2047.6
5/17/2016,2047.2
5/16/2016,2066.7
5/13/2016,2046.6
5/12/2016,2064.1
5/11/2016,2064.5
5/10/2016,2084.4
5/9/2016,2058.7
5/6/2016,2057.1
5/5/2016,2050.6
5/4/2016,2051.1
5/3/2016,2063.4
5/2/2016,2081.4
4/29/2016,2065.3
4/28/2016,2075.8
4/27/2016,2095.2
4/26/2016,2091.7
4/25/2016,2087.8
4/22/2016,2091.6
4/21/2016,2091.5
4/20/2016,2102.4
4/19/2016,2100.8
4/18/2016,2094.3
4/15/2016,2080.7
4/14/2016,2082.8
4/13/2016,2082.4
4/12/2016,2061.7
4/11/2016,2042
4/8/2016,2047.6
4/7/2016,2041.9
4/6/2016,2066.7
4/5/2016,2045.2
4/4/2016,2066.1
4/1/2016,2072.8
3/31/2016,2059.7
3/30/2016,2063.9
3/29/2016,2055
3/28/2016,2037
3/24/2016,2035.9
3/23/2016,2036.7
3/22/2016,2049.8
3/21/2016,2051.6
3/18/2016,2049.6
3/17/2016,2040.6
3/16/2016,2027.2
3/15/2016,2015.9
3/14/2016,2019.6
3/11/2016,2022.2
3/10/2016,1989.6
3/9/2016,1989.3
3/8/2016,1979.3
3/7/2016,2001.8
3/4/2016,2000
3/3/2016,1993.4
3/2/2016,1986.5
3/1/2016,1978.3
2/29/2016,1932.2
2/26/2016,1948
2/25/2016,1951.7
2/24/2016,1929.8
2/23/2016,1921.3
2/22/2016,1945.5
2/19/2016,1917.8
2/18/2016,1917.8
2/17/2016,1926.8
2/16/2016,1895.6
2/12/2016,1864.8
2/11/2016,1829.1
2/10/2016,1851.9
2/9/2016,1852.2
2/8/2016,1853.4
2/5/2016,1880
2/4/2016,1915.5
2/3/2016,1912.5
2/2/2016,1903
2/1/2016,1939.4
1/29/2016,1940.2
1/28/2016,1893.4
1/27/2016,1883
1/26/2016,1903.6
1/25/2016,1877.1
1/22/2016,1906.9
1/21/2016,1869
1/20/2016,1859.3
1/19/2016,1881.3
1/15/2016,1880.3
1/14/2016,1921.8
1/13/2016,1890.3
1/12/2016,1938.7
1/11/2016,1923.7
1/8/2016,1922
1/7/2016,1943.1
1/6/2016,1990.3
1/5/2016,2016.7
1/4/2016,2012.7
12/31/2015,2043.9
12/30/2015,2063.4
12/29/2015,2078.4
12/28/2015,2056.5
12/24/2015,2061
12/23/2015,2064.3
12/22/2015,2039
12/21/2015,2021.2
12/18/2015,2005.5
12/17/2015,2041.9
12/16/2015,2073.1
12/15/2015,2043.4
12/14/2015,2021.9
12/11/2015,2012.4
12/10/2015,2052.2
12/9/2015,2047.6
12/8/2015,2063.6
12/7/2015,2077.1
12/4/2015,2091.7
12/3/2015,2049.6
12/2/2015,2079.5
12/1/2015,2102.6
11/30/2015,2080.4
11/27/2015,2090.1
11/25/2015,2088.9
11/24/2015,2089.1
11/23/2015,2086.6
11/20/2015,2089.2
11/19/2015,2081.2
11/18/2015,2083.6
11/17/2015,2050.4
11/16/2015,2053.2
11/13/2015,2023
11/12/2015,2046
11/11/2015,2075
11/10/2015,2081.7
11/9/2015,2078.6
11/6/2015,2099.2
11/5/2015,2099.9
11/4/2015,2102.3
11/3/2015,2109.8
11/2/2015,2104.1
10/30/2015,2079.4
10/29/2015,2089.4
10/28/2015,2090.3
10/27/2015,2065.9
10/26/2015,2071.2
10/23/2015,2075.2
10/22/2015,2052.5
10/21/2015,2018.9
10/20/2015,2030.8
10/19/2015,2033.7
10/16/2015,2033.1
10/15/2015,2023.9
10/14/2015,1994.2
10/13/2015,2003.7
10/12/2015,2017.5
10/9/2015,2014.9
10/8/2015,2013.4
10/7/2015,1995.8
10/6/2015,1979.9
10/5/2015,1987
10/2/2015,1951.4
10/1/2015,1923.8
9/30/2015,1920
9/29/2015,1884.1
9/28/2015,1881.8
9/25/2015,1931.3
9/24/2015,1932.2
9/23/2015,1938.8
9/22/2015,1942.7
9/21/2015,1967
9/18/2015,1958
9/17/2015,1990.2
9/16/2015,1995.3
9/15/2015,1978.1
9/14/2015,1953
9/11/2015,1961
9/10/2015,1952.3
9/9/2015,1942
9/8/2015,1969.4
9/4/2015,1921.2
9/3/2015,1951.1
9/2/2015,1948.9
9/1/2015,1913.8
8/31/2015,1972.2
8/28/2015,1988.9
8/27/2015,1987.7
8/26/2015,1940.5
8/25/2015,1867.6
8/24/2015,1893.2
8/21/2015,1970.9
8/20/2015,2035.7
8/19/2015,2079.6
8/18/2015,2096.9
8/17/2015,2102.4
8/14/2015,2091.5
8/13/2015,2083.4
8/12/2015,2086.1
8/11/2015,2084.1
8/10/2015,2104.2
8/7/2015,2077.6
8/6/2015,2083.6
8/5/2015,2099.8
8/4/2015,2093.3
8/3/2015,2098
7/31/2015,2103.8
7/30/2015,2108.6
7/29/2015,2108.6
7/28/2015,2093.2
7/27/2015,2067.6
7/24/2015,2079.7
7/23/2015,2102.2
7/22/2015,2114.2
7/21/2015,2119.2
7/20/2015,2128.3
7/17/2015,2126.6
7/16/2015,2124.3
7/15/2015,2107.4
7/14/2015,2108.9
7/13/2015,2099.6
7/10/2015,2076.6
7/9/2015,2051.3
7/8/2015,2046.7
7/7/2015,2081.3
7/6/2015,2068.8
7/2/2015,2076.8
7/1/2015,2077.4
6/30/2015,2063.1
6/29/2015,2057.6
6/26/2015,2101.5
6/25/2015,2102.3
6/24/2015,2108.6
6/23/2015,2124.2
6/22/2015,2122.8
6/19/2015,2110
6/18/2015,2121.2
6/17/2015,2100.4
6/16/2015,2096.3
6/15/2015,2084.4
6/12/2015,2094.1
6/11/2015,2108.9
6/10/2015,2105.2
6/9/2015,2080.2
6/8/2015,2079.3
6/5/2015,2092.8
6/4/2015,2095.8
6/3/2015,2114.1
6/2/2015,2109.6
6/1/2015,2111.7
5/29/2015,2107.4
5/28/2015,2120.8
5/27/2015,2123.5
5/26/2015,2104.2
5/22/2015,2126.1
5/21/2015,2130.8
5/20/2015,2125.8
5/19/2015,2127.8
5/18/2015,2129.2
5/15/2015,2122.7
5/14/2015,2121.1
5/13/2015,2098.5
5/12/2015,2099.1
5/11/2015,2105.3
5/8/2015,2116.1
5/7/2015,2088
5/6/2015,2080.2
5/5/2015,2089.5
5/4/2015,2114.5
5/1/2015,2108.3
4/30/2015,2085.5
4/29/2015,2106.8
4/28/2015,2114.8
4/27/2015,2108.9
4/24/2015,2117.7
4/23/2015,2112.9
4/22/2015,2108
4/21/2015,2097.3
4/20/2015,2100.4
4/17/2015,2081.2
4/16/2015,2105
4/15/2015,2106.6
4/14/2015,2095.8
4/13/2015,2092.4
4/10/2015,2102.1
4/9/2015,2091.2
4/8/2015,2081.9
4/7/2015,2076.3
4/6/2015,2080.6
4/2/2015,2067
4/1/2015,2059.7
3/31/2015,2067.9
3/30/2015,2086.2
3/27/2015,2061
3/26/2015,2056.2
3/25/2015,2061.1
3/24/2015,2091.5
3/23/2015,2104.4
3/20/2015,2108.1
3/19/2015,2089.3
3/18/2015,2099.5
3/17/2015,2074.3
3/16/2015,2081.2
3/13/2015,2053.4
3/12/2015,2065.9
3/11/2015,2040.2
3/10/2015,2044.2
3/9/2015,2079.4
3/6/2015,2071.3
3/5/2015,2101
3/4/2015,2098.5
3/3/2015,2107.8
3/2/2015,2117.4
2/27/2015,2104.5
2/26/2015,2110.7
2/25/2015,2113.9
2/24/2015,2115.5
2/23/2015,2109.7
2/20/2015,2110.3
2/19/2015,2097.4
2/18/2015,2099.7
2/17/2015,2100.3
2/13/2015,2097
2/12/2015,2088.5
2/11/2015,2068.5
2/10/2015,2068.6
2/9/2015,2046.7
2/6/2015,2055.5
2/5/2015,2062.5
2/4/2015,2041.5
2/3/2015,2050
2/2/2015,2020.8
1/30/2015,1995
1/29/2015,2021.2
1/28/2015,2002.2
1/27/2015,2029.5
1/26/2015,2057.1
1/23/2015,2051.8
1/22/2015,2063.2
1/21/2015,2032.1
1/20/2015,2022.5
1/16/2015,2019.4
1/15/2015,1992.7
1/14/2015,2011.3
1/13/2015,2023
1/12/2015,2028.3
1/9/2015,2044.8
1/8/2015,2062.1
1/7/2015,2025.9
1/6/2015,2002.6
1/5/2015,2020.6
1/2/2015,2058.2
12/31/2014,2058.9
12/30/2014,2080.3
12/29/2014,2090.6
12/26/2014,2088.8
12/24/2014,2081.9
12/23/2014,2082.2
12/22/2014,2078.5
12/19/2014,2070.7
12/18/2014,2061.2
12/17/2014,2012.9
12/16/2014,1972.7
12/15/2014,1989.6
12/12/2014,2002.3
12/11/2014,2035.3
12/10/2014,2026.1
12/9/2014,2059.8
12/8/2014,2060.3
12/5/2014,2075.4
12/4/2014,2071.9
12/3/2014,2074.3
12/2/2014,2066.6
12/1/2014,2053.4
11/28/2014,2067.6
11/26/2014,2072.8
11/25/2014,2067
11/24/2014,2069.4
11/21/2014,2063.5
11/20/2014,2052.8
11/19/2014,2048.7
11/18/2014,2051.8
11/17/2014,2041.3
11/14/2014,2039.8
11/13/2014,2039.3
11/12/2014,2038.2
11/11/2014,2039.7
11/10/2014,2038.3
11/7/2014,2031.9
11/6/2014,2031.2
11/5/2014,2023.6
11/4/2014,2012.1
11/3/2014,2017.8
10/31/2014,2018
10/30/2014,1994.7
10/29/2014,1982.3
10/28/2014,1985
10/27/2014,1961.6
10/24/2014,1964.6
10/23/2014,1950.8
10/22/2014,1927.1
10/21/2014,1941.3
10/20/2014,1904
10/17/2014,1886.8
10/16/2014,1862.8
10/15/2014,1862.5
10/14/2014,1877.7
10/13/2014,1874.7
10/10/2014,1906.1
10/9/2014,1928.2
10/8/2014,1968.9
10/7/2014,1935.1
10/6/2014,1964.8
10/3/2014,1967.9
10/2/2014,1946.2
10/1/2014,1946.2
9/30/2014,1972.3
9/29/2014,1977.8
9/26/2014,1982.8
9/25/2014,1966
9/24/2014,1998.3
9/23/2014,1982.8
9/22/2014,1994.3
9/19/2014,2010.4
9/18/2014,2011.4
9/17/2014,2001.6
9/16/2014,1999
9/15/2014,1984.1
9/12/2014,1985.5
9/11/2014,1997.5
9/10/2014,1995.7
9/9/2014,1988.4
9/8/2014,2001.5
9/5/2014,2007.7
9/4/2014,1997.7
9/3/2014,2000.7
9/2/2014,2002.3
8/29/2014,2003.4
8/28/2014,1996.7
8/27/2014,2000.1
8/26/2014,2000
8/25/2014,1997.9
8/22/2014,1988.4
8/21/2014,1992.4
8/20/2014,1986.5
8/19/2014,1981.6
8/18/2014,1971.7
8/15/2014,1955.1
8/14/2014,1955.2
8/13/2014,1946.7
8/12/2014,1933.8
8/11/2014,1936.9
8/8/2014,1931.6
8/7/2014,1909.6
8/6/2014,1920.2
8/5/2014,1920.2
8/4/2014,1939
8/1/2014,1925.2
7/31/2014,1930.7
7/30/2014,1970.1
7/29/2014,1970
7/28/2014,1978.9
7/25/2014,1978.3
7/24/2014,1988
7/23/2014,1987
7/22/2014,1983.5
7/21/2014,1973.6
7/18/2014,1978.2
7/17/2014,1958.1
7/16/2014,1981.6
7/15/2014,1973.3
7/14/2014,1977.1
7/11/2014,1967.6
7/10/2014,1964.7
7/9/2014,1972.8
7/8/2014,1963.7
7/7/2014,1977.7
7/3/2014,1985.4
7/2/2014,1974.6
7/1/2014,1973.3
6/30/2014,1960.2
6/27/2014,1961
6/26/2014,1957.2
6/25/2014,1959.5
6/24/2014,1950
6/23/2014,1962.6
6/20/2014,1962.9
6/19/2014,1959.5
6/18/2014,1957
6/17/2014,1942
6/16/2014,1937.8
6/13/2014,1936.2
6/12/2014,1930.1
6/11/2014,1943.9
6/10/2014,1950.8
6/9/2014,1951.3
6/6/2014,1949.4
6/5/2014,1940.5
6/4/2014,1927.9
6/3/2014,1924.2
6/2/2014,1925
5/30/2014,1923.6
5/29/2014,1920
5/28/2014,1909.8
5/27/2014,1911.9
5/23/2014,1900.5
5/22/2014,1892.5
5/21/2014,1888
5/20/2014,1872.8
5/19/2014,1885.1
5/16/2014,1877.9
5/15/2014,1870.8
5/14/2014,1888.5
5/13/2014,1897.5
5/12/2014,1896.7
5/9/2014,1878.5
5/8/2014,1875.6
5/7/2014,1878.2
5/6/2014,1867.7
5/5/2014,1884.7
5/2/2014,1881.1
5/1/2014,1883.7
4/30/2014,1884
4/29/2014,1878.3
4/28/2014,1869.4
4/25/2014,1863.4
4/24/2014,1878.6
4/23/2014,1875.4
4/22/2014,1879.5
4/21/2014,1871.9
4/17/2014,1864.8
4/16/2014,1862.3
4/15/2014,1843
4/14/2014,1830.6
4/11/2014,1815.7
4/10/2014,1833.1
4/9/2014,1872.2
4/8/2014,1852
4/7/2014,1845
4/4/2014,1865.1
4/3/2014,1888.8
4/2/2014,1890.9
4/1/2014,1885.5
3/31/2014,1872.3
3/28/2014,1857.6
3/27/2014,1849
3/26/2014,1852.6
3/25/2014,1865.6
3/24/2014,1857.4
3/21/2014,1866.5
3/20/2014,1872
3/19/2014,1860.8
3/18/2014,1872.2
3/17/2014,1858.8
3/14/2014,1841.1
3/13/2014,1846.3
3/12/2014,1868.2
3/11/2014,1867.6
3/10/2014,1877.2
3/7/2014,1878
3/6/2014,1877
3/5/2014,1873.8
3/4/2014,1873.9
3/3/2014,1845.7
2/28/2014,1859.5
2/27/2014,1854.3
2/26/2014,1845.2
2/25/2014,1845.1
2/24/2014,1847.6
2/21/2014,1836.2
2/20/2014,1839.8
2/19/2014,1828.8
2/18/2014,1840.8
2/14/2014,1838.6
2/13/2014,1829.8
2/12/2014,1819.3
2/11/2014,1819.8
2/10/2014,1799.8
2/7/2014,1797
2/6/2014,1773.4
2/5/2014,1751.6
2/4/2014,1755.2
2/3/2014,1741.9
1/31/2014,1782.6
1/30/2014,1794.2
1/29/2014,1774.2
1/28/2014,1792.5
1/27/2014,1781.6
1/24/2014,1790.3
1/23/2014,1828.5
1/22/2014,1844.9
1/21/2014,1843.8
1/17/2014,1838.7
1/16/2014,1845.9
1/15/2014,1848.4
1/14/2014,1838.9
1/13/2014,1819.2
1/10/2014,1842.4
1/9/2014,1838.1
1/8/2014,1837.5
1/7/2014,1837.9
1/6/2014,1826.8
1/3/2014,1831.4
1/2/2014,1832
12/31/2013,1848.4
12/30/2013,1841.1
12/27/2013,1841.4
12/26/2013,1842
12/24/2013,1833.3
12/23/2013,1828
12/20/2013,1818.3
12/19/2013,1809.6
12/18/2013,1810.7
12/17/2013,1781
12/16/2013,1786.5
12/13/2013,1775.3
12/12/2013,1775.5
12/11/2013,1782.2
12/10/2013,1802.6
12/9/2013,1808.4
12/6/2013,1805.1
12/5/2013,1785
12/4/2013,1792.8
12/3/2013,1795.2
12/2/2013,1800.9
11/29/2013,1805.8
11/27/2013,1807.2
11/26/2013,1802.8
11/25/2013,1802.5
11/22/2013,1804.8
11/21/2013,1795.8
11/20/2013,1781.4
11/19/2013,1787.9
11/18/2013,1791.5
11/15/2013,1798.2
11/14/2013,1790.6
11/13/2013,1782
11/12/2013,1767.7
11/11/2013,1771.9
11/8/2013,1770.6
11/7/2013,1747.2
11/6/2013,1770.5
11/5/2013,1763
11/4/2013,1767.9
11/1/2013,1761.6
10/31/2013,1756.5
10/30/2013,1763.3
10/29/2013,1772
10/28/2013,1762.1
10/25/2013,1759.8
10/24/2013,1752.1
10/23/2013,1746.4
10/22/2013,1754.7
10/21/2013,1744.7
10/18/2013,1744.5
10/17/2013,1733.2
10/16/2013,1721.5
10/15/2013,1698.1
10/14/2013,1710.1
10/11/2013,1703.2
10/10/2013,1692.6
10/9/2013,1656.4
10/8/2013,1655.5
10/7/2013,1676.1
10/4/2013,1690.5
10/3/2013,1678.7
10/2/2013,1693.9
10/1/2013,1695
9/30/2013,1681.5
9/27/2013,1691.8
9/26/2013,1698.7
9/25/2013,1692.8
9/24/2013,1697.4
9/23/2013,1701.8
9/20/2013,1709.9
9/19/2013,1722.3
9/18/2013,1725.5
9/17/2013,1704.8
9/16/2013,1697.6
9/13/2013,1688
9/12/2013,1683.4
9/11/2013,1689.1
9/10/2013,1684
9/9/2013,1671.7
9/6/2013,1655.2
9/5/2013,1655.1
9/4/2013,1653.1
9/3/2013,1639.8
8/30/2013,1633
8/29/2013,1638.2
8/28/2013,1635
8/27/2013,1630.5
8/26/2013,1656.8
8/23/2013,1663.5
8/22/2013,1657
8/21/2013,1642.8
8/20/2013,1652.3
8/19/2013,1646.1
8/16/2013,1655.8
8/15/2013,1661.3
8/14/2013,1685.4
8/13/2013,1694.2
8/12/2013,1689.5
8/9/2013,1691.4
8/8/2013,1697.5
8/7/2013,1690.9
8/6/2013,1697.4
8/5/2013,1707.1
8/2/2013,1709.7
8/1/2013,1706.9
7/31/2013,1685.7
7/30/2013,1686
7/29/2013,1685.3
7/26/2013,1691.7
7/25/2013,1690.2
7/24/2013,1685.9
7/23/2013,1692.4
7/22/2013,1695.5
7/19/2013,1692.1
7/18/2013,1689.4
7/17/2013,1680.9
7/16/2013,1676.3
7/15/2013,1682.5
7/12/2013,1680.2
7/11/2013,1675
7/10/2013,1652.6
7/9/2013,1652.3
7/8/2013,1640.5
7/5/2013,1631.9
7/3/2013,1615.4
7/2/2013,1614.1
7/1/2013,1615
6/28/2013,1606.3
6/27/2013,1613.2
6/26/2013,1603.3
6/25/2013,1588
6/24/2013,1573.1
6/21/2013,1592.4
6/20/2013,1588.2
6/19/2013,1628.9
6/18/2013,1651.8
6/17/2013,1639
6/14/2013,1626.7
6/13/2013,1636.4
6/12/2013,1612.5
6/11/2013,1626.1
6/10/2013,1642.8
6/7/2013,1643.4
6/6/2013,1622.6
6/5/2013,1608.9
6/4/2013,1631.4
6/3/2013,1640.4
5/31/2013,1630.7
5/30/2013,1654.4
5/29/2013,1648.4
5/28/2013,1660.1
5/24/2013,1649.6
5/23/2013,1650.5
5/22/2013,1655.3
5/21/2013,1669.2
5/20/2013,1666.3
5/17/2013,1667.5
5/16/2013,1650.5
5/15/2013,1658.8
5/14/2013,1650.3
5/13/2013,1633.8
5/10/2013,1633.7
5/9/2013,1626.7
5/8/2013,1632.7
5/7/2013,1626
5/6/2013,1617.5
5/3/2013,1614.4
5/2/2013,1597.6
5/1/2013,1582.7
4/30/2013,1597.6
4/29/2013,1593.6
4/26/2013,1582.2
4/25/2013,1585.2
4/24/2013,1578.8
4/23/2013,1578.8
4/22/2013,1562.5
4/19/2013,1555.2
4/18/2013,1541.6
4/17/2013,1552
4/16/2013,1574.6
4/15/2013,1552.4
4/12/2013,1588.8
4/11/2013,1593.4
4/10/2013,1587.7
4/9/2013,1568.6
4/8/2013,1563.1
4/5/2013,1553.3
4/4/2013,1560
4/3/2013,1553.7
4/2/2013,1570.2
4/1/2013,1562.2
3/28/2013,1569.2
3/27/2013,1562.8
3/26/2013,1563.8
3/25/2013,1551.7
3/22/2013,1556.9
3/21/2013,1545.8
3/20/2013,1558.7
3/19/2013,1548.3
3/18/2013,1552.1
3/15/2013,1560.7
3/14/2013,1563.2
3/13/2013,1554.5
3/12/2013,1552.5
3/11/2013,1556.2
3/8/2013,1551.2
3/7/2013,1544.3
3/6/2013,1541.5
3/5/2013,1539.8
3/4/2013,1525.2
3/1/2013,1518.2
2/28/2013,1514.7
2/27/2013,1516
2/26/2013,1496.9
2/25/2013,1487.8
2/22/2013,1515.6
2/21/2013,1502.4
2/20/2013,1512
2/19/2013,1530.9
2/15/2013,1519.8
2/14/2013,1521.4
2/13/2013,1520.3
2/12/2013,1519.4
2/11/2013,1517
2/8/2013,1517.9
2/7/2013,1509.4
2/6/2013,1512.1
2/5/2013,1511.3
2/4/2013,1495.7
2/1/2013,1513.2
1/31/2013,1498.1
1/30/2013,1502
1/29/2013,1507.8
1/28/2013,1500.2
1/25/2013,1503
1/24/2013,1494.8
1/23/2013,1494.8
1/22/2013,1492.6
1/18/2013,1486
1/17/2013,1480.9
1/16/2013,1472.6
1/15/2013,1472.3
1/14/2013,1470.7
1/11/2013,1472
1/10/2013,1472.1
1/9/2013,1461
1/8/2013,1457.2
1/7/2013,1461.9
1/4/2013,1466.5
1/3/2013,1459.4
1/2/2013,1462.4
12/31/2012,1426.2
12/28/2012,1402.4
12/27/2012,1418.1
12/26/2012,1419.8
12/24/2012,1426.7
12/21/2012,1430.2
12/20/2012,1443.7
12/19/2012,1435.8
12/18/2012,1446.8
12/17/2012,1430.4
12/14/2012,1413.6
12/13/2012,1419.5
12/12/2012,1428.5
12/11/2012,1427.8
12/10/2012,1418.5
12/7/2012,1418.1
12/6/2012,1413.9
12/5/2012,1409.3
12/4/2012,1407
12/3/2012,1409.5
11/30/2012,1416.2
11/29/2012,1416
11/28/2012,1409.9
11/27/2012,1398.9
11/26/2012,1406.3
11/23/2012,1409.2
11/21/2012,1391
11/20/2012,1387.8
11/19/2012,1386.9
11/16/2012,1359.9
11/15/2012,1353.3
11/14/2012,1355.5
11/13/2012,1374.5
11/12/2012,1380
11/9/2012,1379.8
11/8/2012,1377.5
11/7/2012,1394.5
11/6/2012,1428.4
11/5/2012,1417.3
11/2/2012,1414.2
11/1/2012,1427.6
10/31/2012,1412.2
10/26/2012,1411.9
10/25/2012,1413
10/24/2012,1408.8
10/23/2012,1413.1
10/22/2012,1433.8
10/19/2012,1433.2
10/18/2012,1457.3
10/17/2012,1460.9
10/16/2012,1454.9
10/15/2012,1440.1
10/12/2012,1428.6
10/11/2012,1432.8
10/10/2012,1432.6
10/9/2012,1441.5
10/8/2012,1455.9
10/5/2012,1460.9
10/4/2012,1461.4
10/3/2012,1451
10/2/2012,1445.8
10/1/2012,1444.5
9/28/2012,1440.7
9/27/2012,1447.2
9/26/2012,1433.3
9/25/2012,1441.6
9/24/2012,1456.9
9/21/2012,1460.2
9/20/2012,1460.3
9/19/2012,1461
9/18/2012,1459.3
9/17/2012,1461.2
9/14/2012,1465.8
9/13/2012,1460
9/12/2012,1436.6
9/11/2012,1433.6
9/10/2012,1429.1
9/7/2012,1437.9
9/6/2012,1432.1
9/5/2012,1403.4
9/4/2012,1404.9
8/31/2012,1406.6
8/30/2012,1399.5
8/29/2012,1410.5
8/28/2012,1409.3
8/27/2012,1410.4
8/24/2012,1411.1
8/23/2012,1402.1
8/22/2012,1413.5
8/21/2012,1413.2
8/20/2012,1418.1
8/17/2012,1418.2
8/16/2012,1415.5
8/15/2012,1405.5
8/14/2012,1403.9
8/13/2012,1404.1
8/10/2012,1405.9
8/9/2012,1402.8
8/8/2012,1402.2
8/7/2012,1401.3
8/6/2012,1394.2
8/3/2012,1391
8/2/2012,1365
8/1/2012,1375.1
7/31/2012,1379.3
7/30/2012,1385.3
7/27/2012,1386
7/26/2012,1360
7/25/2012,1337.9
7/24/2012,1338.3
7/23/2012,1350.5
7/20/2012,1362.7
7/19/2012,1376.5
7/18/2012,1372.8
7/17/2012,1363.7
7/16/2012,1353.6
7/13/2012,1356.8
7/12/2012,1334.8
7/11/2012,1341.5
7/10/2012,1341.5
7/9/2012,1352.5
7/6/2012,1354.7
7/5/2012,1367.6
7/3/2012,1374
7/2/2012,1365.5
6/29/2012,1362.2
6/28/2012,1329
6/27/2012,1331.8
6/26/2012,1320
6/25/2012,1313.7
6/22/2012,1335
6/21/2012,1325.5
6/20/2012,1355.7
6/19/2012,1358
6/18/2012,1344.8
6/15/2012,1342.8
6/14/2012,1329.1
6/13/2012,1314.9
6/12/2012,1324.2
6/11/2012,1308.9
6/8/2012,1325.7
6/7/2012,1315
6/6/2012,1315.1
6/5/2012,1285.5
6/4/2012,1278.2
6/1/2012,1278
5/31/2012,1310.3
5/30/2012,1313.3
5/29/2012,1332.4
5/25/2012,1317.8
5/24/2012,1320.7
5/23/2012,1318.9
5/22/2012,1316.6
5/21/2012,1316
5/18/2012,1295.2
5/17/2012,1304.9
5/16/2012,1324.8
5/15/2012,1330.7
5/14/2012,1338.3
5/11/2012,1353.4
5/10/2012,1358
5/9/2012,1354.6
5/8/2012,1363.7
5/7/2012,1369.6
5/4/2012,1369.1
5/3/2012,1391.6
5/2/2012,1402.3
5/1/2012,1405.8
4/30/2012,1397.9
4/27/2012,1403.4
4/26/2012,1400
4/25/2012,1390.7
4/24/2012,1372
4/23/2012,1366.9
4/20/2012,1378.5
4/19/2012,1376.9
4/18/2012,1385.1
4/17/2012,1390.8
4/16/2012,1369.6
4/13/2012,1370.3
4/12/2012,1387.6
4/11/2012,1368.7
4/10/2012,1358.6
4/9/2012,1382.2
4/5/2012,1398.1
4/4/2012,1399
4/3/2012,1413.4
4/2/2012,1419
3/30/2012,1408.5
3/29/2012,1403.3
3/28/2012,1405.5
3/27/2012,1412.5
3/26/2012,1416.5
3/23/2012,1397.1
3/22/2012,1392.8
3/21/2012,1402.9
3/20/2012,1405.5
3/19/2012,1409.8
3/16/2012,1404.2
3/15/2012,1402.6
3/14/2012,1394.3
3/13/2012,1396
3/12/2012,1371.1
3/9/2012,1370.9
3/8/2012,1365.9
3/7/2012,1352.6
3/6/2012,1343.4
3/5/2012,1364.3
3/2/2012,1369.6
3/1/2012,1374.1
2/29/2012,1365.7
2/28/2012,1372.2
2/27/2012,1367.6
2/24/2012,1365.7
2/23/2012,1363.5
2/22/2012,1357.7
2/21/2012,1362.2
2/17/2012,1361.2
2/16/2012,1358
2/15/2012,1343.2
2/14/2012,1350.5
2/13/2012,1351.8
2/10/2012,1342.6
2/9/2012,1352
2/8/2012,1350
2/7/2012,1347
2/6/2012,1344.3
2/3/2012,1344.9
2/2/2012,1325.5
2/1/2012,1324.1
1/31/2012,1312.4
1/30/2012,1313
1/27/2012,1316.3
1/26/2012,1318.4
1/25/2012,1326
1/24/2012,1314.7
1/23/2012,1316
1/20/2012,1315.4
1/19/2012,1314.5
1/18/2012,1308
1/17/2012,1293.7
1/13/2012,1289.1
1/12/2012,1295.5
1/11/2012,1292.5
1/10/2012,1292.1
1/9/2012,1280.7
1/6/2012,1277.8
1/5/2012,1281.1
1/4/2012,1277.3
1/3/2012,1277.1
12/30/2011,1257.6
12/29/2011,1263
12/28/2011,1249.6
12/27/2011,1265.4
12/23/2011,1265.3
12/22/2011,1254
12/21/2011,1243.7
12/20/2011,1241.3
12/19/2011,1205.3
12/16/2011,1219.7
12/15/2011,1215.8
12/14/2011,1211.8
12/13/2011,1225.7
12/12/2011,1236.5
12/9/2011,1255.2
12/8/2011,1234.3
12/7/2011,1261
12/6/2011,1258.5
12/5/2011,1257.1
12/2/2011,1244.3
12/1/2011,1244.6
11/30/2011,1247
11/29/2011,1195.2
11/28/2011,1192.5
11/25/2011,1158.7
11/23/2011,1161.8
11/22/2011,1188
11/21/2011,1193
11/18/2011,1215.7
11/17/2011,1216.1
11/16/2011,1236.9
11/15/2011,1257.8
11/14/2011,1251.8
11/11/2011,1263.8
11/10/2011,1239.7
11/9/2011,1229.1
11/8/2011,1275.9
11/7/2011,1261.1
11/4/2011,1253.2
11/3/2011,1261.2
11/2/2011,1237.9
11/1/2011,1218.3
10/31/2011,1253.3
10/28/2011,1285.1
10/27/2011,1284.6
10/26/2011,1242
10/25/2011,1229
10/24/2011,1254.2
10/21/2011,1238.2
10/20/2011,1215.4
10/19/2011,1209.9
10/18/2011,1225.4
10/17/2011,1200.9
10/14/2011,1224.6
10/13/2011,1203.7
10/12/2011,1207.2
10/11/2011,1195.5
10/10/2011,1194.9
10/7/2011,1155.5
10/6/2011,1165
10/5/2011,1144
10/4/2011,1124
10/3/2011,1099.2
9/30/2011,1131.4
9/29/2011,1160.4
9/28/2011,1151.1
9/27/2011,1175.4
9/26/2011,1163
9/23/2011,1136.4
9/22/2011,1129.6
9/21/2011,1166.8
9/20/2011,1202.1
9/19/2011,1204.1
9/16/2011,1216
9/15/2011,1209.1
9/14/2011,1188.7
9/13/2011,1172.9
9/12/2011,1162.3
9/9/2011,1154.2
9/8/2011,1185.9
9/7/2011,1198.6
9/6/2011,1165.2
9/2/2011,1174
9/1/2011,1204.4
8/31/2011,1218.9
8/30/2011,1212.9
8/29/2011,1210.1
8/26/2011,1176.8
8/25/2011,1159.3
8/24/2011,1177.6
8/23/2011,1162.3
8/22/2011,1123.8
8/19/2011,1123.5
8/18/2011,1140.7
8/17/2011,1193.9
8/16/2011,1192.8
8/15/2011,1204.5
8/12/2011,1178.8
8/11/2011,1172.6
8/10/2011,1120.8
8/9/2011,1172.5
8/8/2011,1119.5
8/5/2011,1199.4
8/4/2011,1200.1
8/3/2011,1260.3
8/2/2011,1254
8/1/2011,1286.9
7/29/2011,1292.3
7/28/2011,1300.7
7/27/2011,1304.9
7/26/2011,1331.9
7/25/2011,1337.4
7/22/2011,1345
7/21/2011,1343.8
7/20/2011,1325.8
7/19/2011,1326.7
7/18/2011,1305.4
7/15/2011,1316.1
7/14/2011,1308.9
7/13/2011,1317.7
7/12/2011,1313.6
7/11/2011,1319.5
7/8/2011,1343.8
7/7/2011,1353.2
7/6/2011,1339.2
7/5/2011,1337.9
7/1/2011,1339.7
6/30/2011,1320.6
6/29/2011,1307.4
6/28/2011,1296.7
6/27/2011,1280.1
6/24/2011,1268.5
6/23/2011,1283.5
6/22/2011,1287.1
6/21/2011,1295.5
6/20/2011,1278.4
6/17/2011,1271.5
6/16/2011,1267.6
6/15/2011,1265.4
6/14/2011,1287.9
6/13/2011,1271.8
6/10/2011,1271
6/9/2011,1289
6/8/2011,1279.6
6/7/2011,1284.9
6/6/2011,1286.2
6/3/2011,1300.2
6/2/2011,1312.9
6/1/2011,1314.5
5/31/2011,1345.2
5/27/2011,1331.1
5/26/2011,1325.7
5/25/2011,1320.5
5/24/2011,1316.3
5/23/2011,1317.4
5/20/2011,1333.3
5/19/2011,1343.6
5/18/2011,1340.7
5/17/2011,1329
5/16/2011,1329.5
5/13/2011,1337.8
5/12/2011,1348.7
5/11/2011,1342.1
5/10/2011,1357.2
5/9/2011,1346.3
5/6/2011,1340.2
5/5/2011,1335.1
5/4/2011,1347.3
5/3/2011,1356.6
5/2/2011,1361.2
4/29/2011,1363.6
4/28/2011,1360.5
4/27/2011,1355.7
4/26/2011,1347.2
4/25/2011,1335.2
4/21/2011,1337.4
4/20/2011,1330.4
4/19/2011,1312.6
4/18/2011,1305.1
4/15/2011,1319.7
4/14/2011,1314.5
4/13/2011,1314.4
4/12/2011,1314.2
4/11/2011,1324.5
4/8/2011,1328.2
4/7/2011,1333.5
4/6/2011,1335.5
4/5/2011,1332.6
4/4/2011,1332.9
4/1/2011,1332.4
3/31/2011,1325.8
3/30/2011,1328.3
3/29/2011,1319.4
3/28/2011,1310.2
3/25/2011,1313.8
3/24/2011,1309.7
3/23/2011,1297.5
3/22/2011,1293.8
3/21/2011,1298.4
3/18/2011,1279.2
3/17/2011,1273.7
3/16/2011,1256.9
3/15/2011,1281.9
3/14/2011,1296.4
3/11/2011,1304.3
3/10/2011,1295.1
3/9/2011,1320
3/8/2011,1321.8
3/7/2011,1310.1
3/4/2011,1321.2
3/3/2011,1331
3/2/2011,1308.4
3/1/2011,1306.3
2/28/2011,1327.2
2/25/2011,1319.9
2/24/2011,1306.1
2/23/2011,1307.4
2/22/2011,1315.4
2/18/2011,1343
2/17/2011,1340.4
2/16/2011,1336.3
2/15/2011,1328
2/14/2011,1332.3
2/11/2011,1329.2
2/10/2011,1321.9
2/9/2011,1320.9
2/8/2011,1324.6
2/7/2011,1319
2/4/2011,1310.9
2/3/2011,1307.1
2/2/2011,1304
2/1/2011,1307.6
1/31/2011,1286.1
1/28/2011,1276.3
1/27/2011,1299.5
1/26/2011,1296.6
1/25/2011,1291.2
1/24/2011,1290.8
1/21/2011,1283.3
1/20/2011,1280.3
1/19/2011,1281.9
1/18/2011,1295
1/14/2011,1293.2
1/13/2011,1283.8
1/12/2011,1286
1/11/2011,1274.5
1/10/2011,1269.8
1/7/2011,1271.5
1/6/2011,1273.8
1/5/2011,1276.6
1/4/2011,1270.2
1/3/2011,1271.9
12/31/2010,1257.6
12/30/2010,1257.9
12/29/2010,1259.8
12/28/2010,1258.5
12/27/2010,1257.5
12/23/2010,1256.8
12/22/2010,1258.8
12/21/2010,1254.6
12/20/2010,1247.1
12/17/2010,1243.9
12/16/2010,1242.9
12/15/2010,1235.2
12/14/2010,1241.6
12/13/2010,1240.5
12/10/2010,1240.4
12/9/2010,1233
12/8/2010,1228.3
12/7/2010,1223.8
12/6/2010,1223.1
12/3/2010,1224.7
12/2/2010,1221.5
12/1/2010,1206.1
11/30/2010,1180.5
11/29/2010,1187.8
11/26/2010,1189.4
11/24/2010,1198.3
11/23/2010,1180.7
11/22/2010,1197.8
11/19/2010,1199.7
11/18/2010,1196.7
11/17/2010,1178.6
11/16/2010,1178.3
11/15/2010,1197.8
11/12/2010,1199.2
11/11/2010,1213.5
11/10/2010,1218.7
11/9/2010,1213.4
11/8/2010,1223.2
11/5/2010,1225.8
11/4/2010,1221.1
11/3/2010,1198
11/2/2010,1193.6
11/1/2010,1184.4
10/29/2010,1183.3
10/28/2010,1183.8
10/27/2010,1182.5
10/26/2010,1185.6
10/25/2010,1185.6
10/22/2010,1183.1
10/21/2010,1180.3
10/20/2010,1178.2
10/19/2010,1165.9
10/18/2010,1184.7
10/15/2010,1176.2
10/14/2010,1173.8
10/13/2010,1178.1
10/12/2010,1169.8
10/11/2010,1165.3
10/8/2010,1165.2
10/7/2010,1158.1
10/6/2010,1160
10/5/2010,1160.8
10/4/2010,1137
10/1/2010,1146.2
9/30/2010,1141.2
9/29/2010,1144.7
9/28/2010,1147.7
9/27/2010,1142.2
9/24/2010,1148.7
9/23/2010,1124.8
9/22/2010,1134.3
9/21/2010,1139.8
9/20/2010,1142.7
9/17/2010,1125.6
9/16/2010,1124.7
9/15/2010,1125.1
9/14/2010,1121.1
9/13/2010,1121.9
9/10/2010,1109.5
9/9/2010,1104.2
9/8/2010,1098.9
9/7/2010,1091.8
9/3/2010,1104.5
9/2/2010,1090.1
9/1/2010,1080.3
8/31/2010,1049.3
8/30/2010,1048.9
8/27/2010,1064.6
8/26/2010,1047.2
8/25/2010,1055.3
8/24/2010,1051.9
8/23/2010,1067.4
8/20/2010,1071.7
8/19/2010,1075.6
8/18/2010,1094.2
8/17/2010,1092.5
8/16/2010,1079.4
8/13/2010,1079.2
8/12/2010,1083.6
8/11/2010,1089.5
8/10/2010,1121.1
8/9/2010,1127.8
8/6/2010,1121.6
8/5/2010,1125.8
8/4/2010,1127.2
8/3/2010,1120.5
8/2/2010,1125.9
7/30/2010,1101.6
7/29/2010,1101.5
7/28/2010,1106.1
7/27/2010,1113.8
7/26/2010,1115
7/23/2010,1102.7
7/22/2010,1093.7
7/21/2010,1069.6
7/20/2010,1083.5
7/19/2010,1071.2
7/16/2010,1064.9
7/15/2010,1096.5
7/14/2010,1095.2
7/13/2010,1095.3
7/12/2010,1078.8
7/9/2010,1078
7/8/2010,1070.2
7/7/2010,1060.3
7/6/2010,1028.1
7/2/2010,1022.6
7/1/2010,1027.4
6/30/2010,1030.7
6/29/2010,1041.2
6/28/2010,1074.6
6/25/2010,1076.8
6/24/2010,1073.7
6/23/2010,1092
6/22/2010,1095.3
6/21/2010,1113.2
6/18/2010,1117.5
6/17/2010,1116
6/16/2010,1114.6
6/15/2010,1115.2
6/14/2010,1089.6
6/11/2010,1091.6
6/10/2010,1086.8
6/9/2010,1055.7
6/8/2010,1062
6/7/2010,1050.5
6/4/2010,1064.9
6/3/2010,1102.8
6/2/2010,1098.4
6/1/2010,1070.7
5/28/2010,1089.4
5/27/2010,1103.1
5/26/2010,1068
5/25/2010,1074
5/24/2010,1073.7
5/21/2010,1087.7
5/20/2010,1071.6
5/19/2010,1115
5/18/2010,1120.8
5/17/2010,1136.9
5/14/2010,1135.7
5/13/2010,1157.4
5/12/2010,1171.7
5/11/2010,1155.8
5/10/2010,1159.7
5/7/2010,1110.9
5/6/2010,1128.2
5/5/2010,1165.9
5/4/2010,1173.6
5/3/2010,1202.3
4/30/2010,1186.7
4/29/2010,1206.8
4/28/2010,1191.4
4/27/2010,1183.7
4/26/2010,1212
4/23/2010,1217.3
4/22/2010,1208.7
4/21/2010,1205.9
4/20/2010,1207.2
4/19/2010,1197.5
4/16/2010,1192.1
4/15/2010,1211.7
4/14/2010,1210.7
4/13/2010,1197.3
4/12/2010,1196.5
4/9/2010,1194.4
4/8/2010,1186.4
4/7/2010,1182.5
4/6/2010,1189.4
4/5/2010,1187.4
4/1/2010,1178.1
3/31/2010,1169.4
3/30/2010,1173.3
3/29/2010,1173.2
3/26/2010,1166.6
3/25/2010,1165.7
3/24/2010,1167.7
3/23/2010,1174.2
3/22/2010,1165.8
3/19/2010,1159.9
3/18/2010,1165.8
3/17/2010,1166.2
3/16/2010,1159.5
3/15/2010,1150.5
3/12/2010,1150
3/11/2010,1150.2
3/10/2010,1145.6
3/9/2010,1140.5
3/8/2010,1138.5
3/5/2010,1138.7
3/4/2010,1123
3/3/2010,1118.8
3/2/2010,1118.3
3/1/2010,1115.7
2/26/2010,1104.5
2/25/2010,1102.9
2/24/2010,1105.2
2/23/2010,1094.6
2/22/2010,1108
2/19/2010,1109.2
2/18/2010,1106.8
2/17/2010,1099.5
2/16/2010,1094.9
2/12/2010,1075.5
2/11/2010,1078.5
2/10/2010,1068.1
2/9/2010,1070.5
2/8/2010,1056.7
2/5/2010,1066.2
2/4/2010,1063.1
2/3/2010,1097.3
2/2/2010,1103.3
2/1/2010,1089.2
1/29/2010,1073.9
1/28/2010,1084.5
1/27/2010,1097.5
1/26/2010,1092.2
1/25/2010,1096.8
1/22/2010,1091.8
1/21/2010,1116.5
1/20/2010,1138
1/19/2010,1150.2
1/15/2010,1136
1/14/2010,1148.5
1/13/2010,1145.7
1/12/2010,1136.2
1/11/2010,1147
1/8/2010,1145
1/7/2010,1141.7
1/6/2010,1137.1
1/5/2010,1136.5
1/4/2010,1133
12/31/2009,1115.1
12/30/2009,1126.4
12/29/2009,1126.2
12/28/2009,1127.8
12/24/2009,1126.5
12/23/2009,1120.6
12/22/2009,1118
12/21/2009,1114
12/18/2009,1102.5
12/17/2009,1096.1
12/16/2009,1109.2
12/15/2009,1107.9
12/14/2009,1114.1
12/11/2009,1106.4
12/10/2009,1102.3
12/9/2009,1096
12/8/2009,1091.9
12/7/2009,1103.2
12/4/2009,1106
12/3/2009,1099.9
12/2/2009,1109.2
12/1/2009,1108.9
11/30/2009,1095.6
11/27/2009,1091.5
11/25/2009,1110.6
11/24/2009,1105.7
11/23/2009,1106.2
11/20/2009,1091.4
11/19/2009,1094.9
11/18/2009,1109.8
11/17/2009,1110.3
11/16/2009,1109.3
11/13/2009,1093.5
11/12/2009,1087.2
11/11/2009,1098.5
11/10/2009,1093
11/9/2009,1093.1
11/6/2009,1069.3
11/5/2009,1066.6
11/4/2009,1046.5
11/3/2009,1045.4
11/2/2009,1042.9
10/30/2009,1036.2
10/29/2009,1066.1
10/28/2009,1042.6
10/27/2009,1063.4
10/26/2009,1067
10/23/2009,1079.6
10/22/2009,1092.9
10/21/2009,1081.4
10/20/2009,1091.1
10/19/2009,1097.9
10/16/2009,1087.7
10/15/2009,1096.6
10/14/2009,1092
10/13/2009,1073.2
10/12/2009,1076.2
10/9/2009,1071.5
10/8/2009,1065.5
10/7/2009,1057.6
10/6/2009,1054.7
10/5/2009,1040.5
10/2/2009,1025.2
10/1/2009,1029.8
9/30/2009,1057.1
9/29/2009,1060.6
9/28/2009,1063
9/25/2009,1044.4
9/24/2009,1050.8
9/23/2009,1060.9
9/22/2009,1071.7
9/21/2009,1064.7
9/18/2009,1068.3
9/17/2009,1065.5
9/16/2009,1068.8
9/15/2009,1052.6
9/14/2009,1049.3
9/11/2009,1042.7
9/10/2009,1044.1
9/9/2009,1033.4
9/8/2009,1025.4
9/4/2009,1016.4
9/3/2009,1003.2
9/2/2009,994.8
9/1/2009,998
8/31/2009,1020.6
8/28/2009,1028.9
8/27/2009,1031
8/26/2009,1028.1
8/25/2009,1028
8/24/2009,1025.6
8/21/2009,1026.1
8/20/2009,1007.4
8/19/2009,996.5
8/18/2009,989.7
8/17/2009,979.7
8/14/2009,1004.1
8/13/2009,1012.7
8/12/2009,1005.8
8/11/2009,994.4
8/10/2009,1007.1
8/7/2009,1010.5
8/6/2009,997.1
8/5/2009,1002.7
8/4/2009,1005.6
8/3/2009,1002.6
7/31/2009,987.5
7/30/2009,986.8
7/29/2009,975.1
7/28/2009,979.6
7/27/2009,982.2
7/24/2009,979.3
7/23/2009,976.3
7/22/2009,954.1
7/21/2009,954.6
7/20/2009,951.1
7/17/2009,940.4
7/16/2009,940.7
7/15/2009,932.7
7/14/2009,905.8
7/13/2009,901
7/10/2009,879.1
7/9/2009,882.7
7/8/2009,879.6
7/7/2009,881
7/6/2009,898.7
7/2/2009,896.4
7/1/2009,923.3
6/30/2009,919.3
6/29/2009,927.2
6/26/2009,918.9
6/25/2009,920.3
6/24/2009,900.9
6/23/2009,895.1
6/22/2009,893
6/19/2009,921.2
6/18/2009,918.4
6/17/2009,910.7
6/16/2009,912
6/15/2009,923.7
6/12/2009,946.2
6/11/2009,944.9
6/10/2009,939.1
6/9/2009,942.4
6/8/2009,939.1
6/5/2009,940.1
6/4/2009,942.5
6/3/2009,931.8
6/2/2009,944.7
6/1/2009,942.9
5/29/2009,919.1
5/28/2009,906.8
5/27/2009,893.1
5/26/2009,910.3
5/22/2009,887
5/21/2009,888.3
5/20/2009,903.5
5/19/2009,908.1
5/18/2009,909.7
5/15/2009,882.9
5/14/2009,893.1
5/13/2009,883.9
5/12/2009,908.4
5/11/2009,909.2
5/8/2009,929.2
5/7/2009,907.4
5/6/2009,919.5
5/5/2009,903.8
5/4/2009,907.2
5/1/2009,877.5
4/30/2009,872.8
4/29/2009,873.6
4/28/2009,855.2
4/27/2009,857.5
4/24/2009,866.2
4/23/2009,851.9
4/22/2009,843.5
4/21/2009,850.1
4/20/2009,832.4
4/17/2009,869.6
4/16/2009,865.3
4/15/2009,852.1
4/14/2009,841.5
4/13/2009,858.7
4/9/2009,856.6
4/8/2009,825.2
4/7/2009,815.5
4/6/2009,835.5
4/3/2009,842.5
4/2/2009,834.4
4/1/2009,811.1
3/31/2009,797.9
3/30/2009,787.5
3/27/2009,815.9
3/26/2009,832.9
3/25/2009,813.9
3/24/2009,806.1
3/23/2009,822.9
3/20/2009,768.5
3/19/2009,784
3/18/2009,794.4
3/17/2009,778.1
3/16/2009,753.9
3/13/2009,756.5
3/12/2009,750.7
3/11/2009,721.4
3/10/2009,719.6
3/9/2009,676.5
3/6/2009,683.4
3/5/2009,682.5
3/4/2009,712.9
3/3/2009,696.3
3/2/2009,700.8
2/27/2009,735.1
2/26/2009,752.8
2/25/2009,764.9
2/24/2009,773.1
2/23/2009,743.3
2/20/2009,770
2/19/2009,778.9
2/18/2009,788.4
2/17/2009,789.2
2/13/2009,826.8
2/12/2009,835.2
2/11/2009,833.7
2/10/2009,827.2
2/9/2009,869.9
2/6/2009,868.6
2/5/2009,845.9
2/4/2009,832.2
2/3/2009,838.5
2/2/2009,825.4
1/30/2009,825.9
1/29/2009,845.1
1/28/2009,874.1
1/27/2009,845.7
1/26/2009,836.6
1/23/2009,832
1/22/2009,827.5
1/21/2009,840.2
1/20/2009,805.2
1/16/2009,850.1
1/15/2009,843.7
1/14/2009,842.6
1/13/2009,871.8
1/12/2009,870.3
1/9/2009,890.4
1/8/2009,909.7
1/7/2009,906.6
1/6/2009,934.7
1/5/2009,927.5
1/2/2009,931.8
12/31/2008,903.2
12/30/2008,890.6
12/29/2008,869.4
12/26/2008,872.8
12/24/2008,868.1
12/23/2008,863.2
12/22/2008,871.6
12/19/2008,887.9
12/18/2008,885.3
12/17/2008,904.4
12/16/2008,913.2
12/15/2008,868.6
12/12/2008,879.7
12/11/2008,873.6
12/10/2008,899.2
12/9/2008,888.7
12/8/2008,909.7
12/5/2008,876.1
12/4/2008,845.2
12/3/2008,870.7
12/2/2008,848.8
12/1/2008,816.2
11/28/2008,896.2
11/26/2008,887.7
11/25/2008,857.4
11/24/2008,851.8
11/21/2008,800
11/20/2008,752.4
11/19/2008,806.6
11/18/2008,859.1
11/17/2008,850.8
11/14/2008,873.3
11/13/2008,911.3
11/12/2008,852.3
11/11/2008,899
11/10/2008,919.2
11/7/2008,931
11/6/2008,904.9
11/5/2008,952.8
11/4/2008,1005.8
11/3/2008,966.3
10/31/2008,968.8
10/30/2008,954.1
10/29/2008,930.1
10/28/2008,940.5
10/27/2008,848.9
10/24/2008,876.8
10/23/2008,908.1
10/22/2008,896.8
10/21/2008,955
10/20/2008,985.4
10/17/2008,940.5
10/16/2008,946.4
10/15/2008,907.8
10/14/2008,998
10/13/2008,1003.4
10/10/2008,899.2
10/9/2008,909.9
10/8/2008,984.9
10/7/2008,996.2
10/6/2008,1056.9
10/3/2008,1099.2
10/2/2008,1114.3
10/1/2008,1161.1
9/30/2008,1166.4
9/29/2008,1106.4
9/26/2008,1213
9/25/2008,1209.2
9/24/2008,1185.9
9/23/2008,1188.2
9/22/2008,1207.1
9/19/2008,1255.1
9/18/2008,1206.5
9/17/2008,1156.4
9/16/2008,1213.6
9/15/2008,1192.7
9/12/2008,1251.7
9/11/2008,1249
9/10/2008,1232
9/9/2008,1224.5
9/8/2008,1267.8
9/5/2008,1242.3
9/4/2008,1236.8
9/3/2008,1275
9/2/2008,1277.6
8/29/2008,1282.8
8/28/2008,1300.7
8/27/2008,1281.7
8/26/2008,1271.5
8/25/2008,1266.8
8/22/2008,1292.2
8/21/2008,1277.7
8/20/2008,1274.5
8/19/2008,1266.7
8/18/2008,1278.6
8/15/2008,1298.2
8/14/2008,1292.9
8/13/2008,1285.8
8/12/2008,1289.6
8/11/2008,1305.3
8/8/2008,1296.3
8/7/2008,1266.1
8/6/2008,1289.2
8/5/2008,1284.9
8/4/2008,1249
8/1/2008,1260.3
7/31/2008,1267.4
7/30/2008,1284.3
7/29/2008,1263.2
7/28/2008,1234.4
7/25/2008,1257.8
7/24/2008,1252.5
7/23/2008,1282.2
7/22/2008,1277
7/21/2008,1260
7/18/2008,1260.7
7/17/2008,1260.3
7/16/2008,1245.4
7/15/2008,1214.9
7/14/2008,1228.3
7/11/2008,1239.5
7/10/2008,1253.4
7/9/2008,1244.7
7/8/2008,1273.7
7/7/2008,1252.3
7/3/2008,1262.9
7/2/2008,1261.5
7/1/2008,1284.9
6/30/2008,1280
6/27/2008,1278.4
6/26/2008,1283.2
6/25/2008,1322
6/24/2008,1314.3
6/23/2008,1318
6/20/2008,1317.9
6/19/2008,1342.8
6/18/2008,1337.8
6/17/2008,1350.9
6/16/2008,1360.1
6/13/2008,1360
6/12/2008,1339.9
6/11/2008,1335.5
6/10/2008,1358.4
6/9/2008,1361.8
6/6/2008,1360.7
6/5/2008,1404
6/4/2008,1377.2
6/3/2008,1377.7
6/2/2008,1385.7
5/30/2008,1400.4
5/29/2008,1398.3
5/28/2008,1390.8
5/27/2008,1385.3
5/23/2008,1375.9
5/22/2008,1394.3
5/21/2008,1390.7
5/20/2008,1413.4
5/19/2008,1426.6
5/16/2008,1425.3
5/15/2008,1423.6
5/14/2008,1408.7
5/13/2008,1403
5/12/2008,1403.6
5/9/2008,1388.3
5/8/2008,1397.7
5/7/2008,1392.6
5/6/2008,1418.3
5/5/2008,1407.5
5/2/2008,1413.9
5/1/2008,1409.3
4/30/2008,1385.6
4/29/2008,1390.9
4/28/2008,1396.4
4/25/2008,1397.8
4/24/2008,1388.8
4/23/2008,1379.9
4/22/2008,1375.9
4/21/2008,1388.2
4/18/2008,1390.3
4/17/2008,1365.6
4/16/2008,1364.7
4/15/2008,1334.4
4/14/2008,1328.3
4/11/2008,1332.8
4/10/2008,1360.5
4/9/2008,1354.5
4/8/2008,1365.5
4/7/2008,1372.5
4/4/2008,1370.4
4/3/2008,1369.3
4/2/2008,1367.5
4/1/2008,1370.2
3/31/2008,1322.7
3/28/2008,1315.2
3/27/2008,1325.8
3/26/2008,1341.1
3/25/2008,1353
3/24/2008,1349.9
3/20/2008,1329.5
3/19/2008,1298.4
3/18/2008,1330.7
3/17/2008,1276.6
3/14/2008,1288.1
3/13/2008,1315.5
3/12/2008,1308.8
3/11/2008,1320.7
3/10/2008,1273.4
3/7/2008,1293.4
3/6/2008,1304.3
3/5/2008,1333.7
3/4/2008,1326.8
3/3/2008,1331.3
2/29/2008,1330.6
2/28/2008,1367.7
2/27/2008,1380
2/26/2008,1381.3
2/25/2008,1371.8
2/22/2008,1353.1
2/21/2008,1342.5
2/20/2008,1360
2/19/2008,1348.8
2/15/2008,1350
2/14/2008,1348.9
2/13/2008,1367.2
2/12/2008,1348.9
2/11/2008,1339.1
2/8/2008,1331.3
2/7/2008,1336.9
2/6/2008,1326.5
2/5/2008,1336.6
2/4/2008,1380.8
2/1/2008,1395.4
1/31/2008,1378.5
1/30/2008,1355.8
1/29/2008,1362.3
1/28/2008,1354
1/25/2008,1330.6
1/24/2008,1352.1
1/23/2008,1338.6
1/22/2008,1310.5
1/18/2008,1325.2
1/17/2008,1333.2
1/16/2008,1373.2
1/15/2008,1381
1/14/2008,1416.2
1/11/2008,1401
1/10/2008,1420.3
1/9/2008,1409.1
1/8/2008,1390.2
1/7/2008,1416.2
1/4/2008,1411.6
1/3/2008,1447.2
1/2/2008,1447.2
12/31/2007,1468.4
12/28/2007,1478.5
12/27/2007,1476.4
12/26/2007,1497.7
12/24/2007,1496.5
12/21/2007,1484.5
12/20/2007,1460.1
12/19/2007,1453
12/18/2007,1455
12/17/2007,1445.9
12/14/2007,1468
12/13/2007,1488.4
12/12/2007,1486.6
12/11/2007,1477.7
12/10/2007,1516
12/7/2007,1504.7
12/6/2007,1507.3
12/5/2007,1485
12/4/2007,1462.8
12/3/2007,1472.4
11/30/2007,1481.1
11/29/2007,1469.7
11/28/2007,1469
11/27/2007,1428.2
11/26/2007,1407.2
11/23/2007,1440.7
11/21/2007,1416.8
11/20/2007,1439.7
11/19/2007,1433.3
11/16/2007,1458.7
11/15/2007,1451.2
11/14/2007,1470.6
11/13/2007,1481
11/12/2007,1439.2
11/9/2007,1453.7
11/8/2007,1474.8
11/7/2007,1475.6
11/6/2007,1520.3
11/5/2007,1502.2
11/2/2007,1509.7
11/1/2007,1508.4
10/31/2007,1549.4
10/30/2007,1531
10/29/2007,1541
10/26/2007,1535.3
10/25/2007,1514.4
10/24/2007,1515.9
10/23/2007,1519.6
10/22/2007,1506.3
10/19/2007,1500.6
10/18/2007,1540.1
10/17/2007,1541.2
10/16/2007,1538.5
10/15/2007,1548.7
10/12/2007,1561.8
10/11/2007,1554.4
10/10/2007,1562.5
10/9/2007,1565.2
10/8/2007,1552.6
10/5/2007,1557.6
10/4/2007,1542.8
10/3/2007,1539.6
10/2/2007,1546.6
10/1/2007,1547
9/28/2007,1526.8
9/27/2007,1531.4
9/26/2007,1525.4
9/25/2007,1517.2
9/24/2007,1517.7
9/21/2007,1525.8
9/20/2007,1518.8
9/19/2007,1529
9/18/2007,1519.8
9/17/2007,1476.7
9/14/2007,1484.2
9/13/2007,1484
9/12/2007,1471.6
9/11/2007,1471.5
9/10/2007,1451.7
9/7/2007,1453.5
9/6/2007,1478.5
9/5/2007,1472.3
9/4/2007,1489.4
8/31/2007,1474
8/30/2007,1457.6
8/29/2007,1463.8
8/28/2007,1432.4
8/27/2007,1466.8
8/24/2007,1479.4
8/23/2007,1462.5
8/22/2007,1464.1
8/21/2007,1447.1
8/20/2007,1445.5
8/17/2007,1445.9
8/16/2007,1411.3
8/15/2007,1406.7
8/14/2007,1426.5
8/13/2007,1452.9
8/10/2007,1453.6
8/9/2007,1453.1
8/8/2007,1497.5
8/7/2007,1476.7
8/6/2007,1467.7
8/3/2007,1433.1
8/2/2007,1472.2
8/1/2007,1465.8
7/31/2007,1455.3
7/30/2007,1473.9
7/27/2007,1459
7/26/2007,1482.7
7/25/2007,1518.1
7/24/2007,1511
7/23/2007,1541.6
7/20/2007,1534.1
7/19/2007,1553.1
7/18/2007,1546.2
7/17/2007,1549.4
7/16/2007,1549.5
7/13/2007,1552.5
7/12/2007,1547.7
7/11/2007,1518.8
7/10/2007,1510.1
7/9/2007,1531.8
7/6/2007,1530.4
7/5/2007,1525.4
7/3/2007,1524.9
7/2/2007,1519.4
6/29/2007,1503.3
6/28/2007,1505.7
6/27/2007,1506.3
6/26/2007,1492.9
6/25/2007,1497.7
6/22/2007,1502.6
6/21/2007,1522.2
6/20/2007,1512.8
6/19/2007,1533.7
6/18/2007,1531
6/15/2007,1532.9
6/14/2007,1523
6/13/2007,1515.7
6/12/2007,1493
6/11/2007,1509.1
6/8/2007,1507.7
6/7/2007,1490.7
6/6/2007,1517.4
6/5/2007,1531
6/4/2007,1539.2
6/1/2007,1536.3
5/31/2007,1530.6
5/30/2007,1530.2
5/29/2007,1518.1
5/25/2007,1515.7
5/24/2007,1507.5
5/23/2007,1522.3
5/22/2007,1524.1
5/21/2007,1525.1
5/18/2007,1522.8
5/17/2007,1512.8
5/16/2007,1514.1
5/15/2007,1501.2
5/14/2007,1503.2
5/11/2007,1505.8
5/10/2007,1491.5
5/9/2007,1512.6
5/8/2007,1507.7
5/7/2007,1509.5
5/4/2007,1505.6
5/3/2007,1502.4
5/2/2007,1495.9
5/1/2007,1486.3
4/30/2007,1482.4
4/27/2007,1494.1
4/26/2007,1494.2
4/25/2007,1495.4
4/24/2007,1480.4
4/23/2007,1480.9
4/20/2007,1484.3
4/19/2007,1470.7
4/18/2007,1472.5
4/17/2007,1471.5
4/16/2007,1468.5
4/13/2007,1452.8
4/12/2007,1447.8
4/11/2007,1438.9
4/10/2007,1448.4
4/9/2007,1444.6
4/5/2007,1443.8
4/4/2007,1439.4
4/3/2007,1437.8
4/2/2007,1424.5
3/30/2007,1420.9
3/29/2007,1422.5
3/28/2007,1417.2
3/27/2007,1428.6
3/26/2007,1437.5
3/23/2007,1436.1
3/22/2007,1434.5
3/21/2007,1435
3/20/2007,1410.9
3/19/2007,1402.1
3/16/2007,1387
3/15/2007,1392.3
3/14/2007,1387.2
3/13/2007,1378
3/12/2007,1406.6
3/9/2007,1402.8
3/8/2007,1401.9
3/7/2007,1392
3/6/2007,1395.4
3/5/2007,1374.1
3/2/2007,1387.2
3/1/2007,1403.2
2/28/2007,1406.8
2/27/2007,1399
2/26/2007,1449.4
2/23/2007,1451.2
2/22/2007,1456.4
2/21/2007,1457.6
2/20/2007,1459.7
2/16/2007,1455.5
2/15/2007,1456.8
2/14/2007,1455.3
2/13/2007,1444.3
2/12/2007,1433.4
2/9/2007,1438.1
2/8/2007,1448.3
2/7/2007,1450
2/6/2007,1448
2/5/2007,1447
2/2/2007,1448.4
2/1/2007,1445.9
1/31/2007,1438.2
1/30/2007,1428.8
1/29/2007,1420.6
1/26/2007,1422.2
1/25/2007,1423.9
1/24/2007,1440.1
1/23/2007,1428
1/22/2007,1423
1/19/2007,1430.5
1/18/2007,1426.4
1/17/2007,1430.6
1/16/2007,1431.9
1/12/2007,1430.7
1/11/2007,1423.8
1/10/2007,1414.8
1/9/2007,1412.1
1/8/2007,1412.8
1/5/2007,1409.7
1/4/2007,1418.3
1/3/2007,1416.6
