Date,US10Y
2/23/2026,40.29
2/20/2026,40.86
2/19/2026,40.75
2/18/2026,40.79
2/17/2026,40.52
2/13/2026,40.56
2/12/2026,41.04
2/11/2026,41.72
2/10/2026,41.47
2/9/2026,41.98
2/6/2026,42.06
2/5/2026,42.1
2/4/2026,42.75
2/3/2026,42.74
2/2/2026,42.75
1/30/2026,42.41
1/29/2026,42.27
1/28/2026,42.51
1/27/2026,42.23
1/26/2026,42.13
1/23/2026,42.39
1/22/2026,42.49
1/21/2026,42.53
1/20/2026,42.95
1/16/2026,42.31
1/15/2026,41.6
1/14/2026,41.4
1/13/2026,41.71
1/12/2026,41.87
1/9/2026,41.71
1/8/2026,41.83
1/7/2026,41.38
1/6/2026,41.79
1/5/2026,41.65
1/2/2026,41.87
12/31/2025,41.63
12/30/2025,41.3
12/29/2025,41.16
12/26/2025,41.36
12/24/2025,41.36
12/23/2025,41.69
12/22/2025,41.69
12/19/2025,41.51
12/18/2025,41.16
12/17/2025,41.51
12/16/2025,41.49
12/15/2025,41.82
12/12/2025,41.94
12/11/2025,41.41
12/10/2025,41.64
12/9/2025,41.86
12/8/2025,41.72
12/5/2025,41.39
12/4/2025,41.08
12/3/2025,40.57
12/2/2025,40.86
12/1/2025,40.96
11/28/2025,40.17
11/26/2025,39.98
11/25/2025,40.02
11/24/2025,40.38
11/21/2025,40.63
11/20/2025,41.06
11/19/2025,41.33
11/18/2025,41.23
11/17/2025,41.33
11/14/2025,41.48
11/13/2025,41.12
11/12/2025,40.65
11/11/2025,41.2
11/10/2025,41.1
11/7/2025,40.93
11/6/2025,40.93
11/5/2025,41.57
11/4/2025,40.89
11/3/2025,41.06
10/31/2025,41.01
10/30/2025,40.93
10/29/2025,40.58
10/28/2025,39.83
10/27/2025,39.97
10/24/2025,39.97
10/23/2025,39.91
10/22/2025,39.53
10/21/2025,39.63
10/20/2025,39.86
10/17/2025,40.07
10/16/2025,39.76
10/15/2025,40.46
10/14/2025,40.22
10/13/2025,40.51
10/10/2025,40.51
10/9/2025,41.48
10/8/2025,41.29
10/7/2025,41.27
10/6/2025,41.62
10/3/2025,41.19
10/2/2025,40.88
10/1/2025,41.06
9/30/2025,41.48
9/29/2025,41.41
9/26/2025,41.87
9/25/2025,41.72
9/24/2025,41.47
9/23/2025,41.2
9/22/2025,41.43
9/19/2025,41.39
9/18/2025,41.04
9/17/2025,40.76
9/16/2025,40.26
9/15/2025,40.34
9/12/2025,40.61
9/11/2025,40.11
9/10/2025,40.32
9/9/2025,40.74
9/8/2025,40.46
9/5/2025,40.86
9/4/2025,41.76
9/3/2025,42.11
9/2/2025,42.77
8/29/2025,42.27
8/28/2025,42.07
8/27/2025,42.38
8/26/2025,42.58
8/25/2025,42.75
8/22/2025,42.6
8/21/2025,43.3
8/20/2025,42.96
8/19/2025,43.02
8/18/2025,43.41
8/15/2025,43.28
8/14/2025,42.93
8/13/2025,42.38
8/12/2025,42.93
8/11/2025,42.73
8/8/2025,42.85
8/7/2025,42.44
8/6/2025,42.2
8/5/2025,41.96
8/4/2025,42
8/1/2025,42.2
7/31/2025,43.6
7/30/2025,43.76
7/29/2025,43.3
7/28/2025,44.2
7/25/2025,43.86
7/24/2025,44.08
7/23/2025,43.88
7/22/2025,43.36
7/21/2025,43.72
7/18/2025,44.32
7/17/2025,44.63
7/16/2025,44.55
7/15/2025,44.89
7/14/2025,44.27
7/11/2025,44.23
7/10/2025,43.46
7/9/2025,43.42
7/8/2025,44.15
7/7/2025,43.95
7/3/2025,43.48
7/2/2025,42.93
7/1/2025,42.51
6/30/2025,42.3
6/27/2025,42.83
6/26/2025,42.53
6/25/2025,42.93
6/24/2025,42.93
6/23/2025,43.2
6/20/2025,43.75
6/18/2025,43.97
6/17/2025,43.93
6/16/2025,44.52
6/13/2025,44.24
6/12/2025,43.57
6/11/2025,44.12
6/10/2025,44.74
6/9/2025,44.82
6/6/2025,45.1
6/5/2025,43.94
6/4/2025,43.65
6/3/2025,44.6
6/2/2025,44.62
5/30/2025,44.16
5/29/2025,44.24
5/28/2025,44.77
5/27/2025,44.34
5/23/2025,45.09
5/22/2025,45.53
5/21/2025,45.96
5/20/2025,44.81
5/19/2025,44.75
5/16/2025,44.41
5/15/2025,44.55
5/14/2025,45.28
5/13/2025,44.99
5/12/2025,44.57
5/9/2025,43.75
5/8/2025,43.73
5/7/2025,42.75
5/6/2025,43.08
5/5/2025,43.43
5/2/2025,43.22
5/1/2025,42.31
4/30/2025,41.77
4/29/2025,41.73
4/28/2025,42.16
4/25/2025,42.66
4/24/2025,43.05
4/23/2025,43.87
4/22/2025,43.89
4/21/2025,44.05
4/17/2025,43.33
4/16/2025,42.79
4/15/2025,43.23
4/14/2025,43.64
3/31/2025,42.46
3/27/2025,43.69
3/26/2025,43.38
3/25/2025,43.07
3/24/2025,43.31
3/21/2025,42.52
3/20/2025,42.33
3/19/2025,42.56
3/17/2025,43.06
3/14/2025,43.08
3/12/2025,43.18
3/11/2025,42.88
3/10/2025,42.13
3/7/2025,43.17
3/6/2025,42.86
3/5/2025,42.65
3/4/2025,42.1
3/3/2025,41.8
2/28/2025,42.31
2/27/2025,42.85
2/26/2025,42.49
2/25/2025,42.98
2/24/2025,43.93
2/21/2025,44.2
2/20/2025,45
2/19/2025,45.35
2/18/2025,45.44
2/14/2025,44.72
2/13/2025,45.25
2/12/2025,46.37
2/11/2025,45.37
2/10/2025,44.93
2/7/2025,44.87
2/6/2025,44.4
2/5/2025,44.22
2/4/2025,45.13
2/3/2025,45.43
1/31/2025,45.69
1/30/2025,45.12
1/29/2025,45.55
1/28/2025,45.51
1/27/2025,45.28
1/24/2025,46.26
1/23/2025,46.38
1/22/2025,45.99
1/21/2025,45.74
1/17/2025,46.09
1/16/2025,46.06
1/15/2025,46.53
1/14/2025,47.88
1/13/2025,48.03
1/10/2025,47.76
1/8/2025,46.93
1/7/2025,46.83
1/6/2025,46.18
1/3/2025,45.96
1/2/2025,45.75
12/31/2024,45.73
12/30/2024,45.45
12/27/2024,46.19
12/26/2024,45.79
12/24/2024,45.91
12/23/2024,45.99
12/20/2024,45.24
12/19/2024,45.7
12/18/2024,44.94
12/17/2024,43.85
12/16/2024,43.97
12/13/2024,43.99
12/12/2024,43.24
12/11/2024,42.71
12/10/2024,42.21
12/9/2024,41.99
12/6/2024,41.51
12/5/2024,41.8
12/4/2024,41.8
12/3/2024,42.23
12/2/2024,41.96
11/29/2024,41.78
11/27/2024,42.42
11/26/2024,43.02
11/25/2024,42.65
11/22/2024,44.1
11/21/2024,44.32
11/20/2024,44.06
11/19/2024,43.79
11/18/2024,44.14
11/15/2024,44.28
11/14/2024,44.18
11/13/2024,44.51
11/12/2024,44.32
11/11/2024,43.08
11/8/2024,43.06
11/7/2024,43.41
11/6/2024,44.26
11/5/2024,42.89
11/4/2024,43.09
11/1/2024,43.61
10/31/2024,42.84
10/30/2024,42.66
10/29/2024,42.74
10/28/2024,42.78
10/25/2024,42.32
10/24/2024,42
10/23/2024,42.42
10/22/2024,42.04
10/21/2024,41.82
10/18/2024,40.73
10/17/2024,40.96
10/16/2024,40.16
10/15/2024,40.38
10/14/2024,40.98
10/11/2024,40.73
10/10/2024,40.96
10/9/2024,40.67
10/8/2024,40.33
10/7/2024,40.26
10/4/2024,39.81
10/3/2024,38.5
10/2/2024,37.85
10/1/2024,37.43
9/30/2024,38.02
9/27/2024,37.49
9/26/2024,37.91
9/25/2024,37.81
9/24/2024,37.36
9/23/2024,37.39
9/20/2024,37.28
9/19/2024,37.4
9/18/2024,36.85
9/17/2024,36.42
9/16/2024,36.21
9/13/2024,36.5
9/12/2024,36.8
9/11/2024,36.53
9/10/2024,36.46
9/9/2024,36.97
9/6/2024,37.1
9/5/2024,37.31
9/4/2024,37.68
9/3/2024,38.44
8/30/2024,39.11
8/29/2024,38.67
8/28/2024,38.41
8/27/2024,38.33
8/26/2024,38.18
8/23/2024,38.07
8/22/2024,38.62
8/21/2024,37.78
8/20/2024,38.18
8/19/2024,38.67
8/16/2024,38.92
8/15/2024,39.26
8/14/2024,38.2
8/13/2024,38.52
8/12/2024,39.09
8/9/2024,39.42
8/8/2024,39.97
8/7/2024,39.68
8/6/2024,38.88
8/5/2024,37.85
8/2/2024,37.92
8/1/2024,39.76
7/31/2024,41.09
7/30/2024,41.43
7/29/2024,41.78
7/26/2024,42
7/25/2024,42.56
7/24/2024,42.86
7/23/2024,42.39
7/22/2024,42.6
7/19/2024,42.39
7/18/2024,41.89
7/17/2024,41.46
7/16/2024,41.67
7/15/2024,42.29
7/12/2024,41.89
7/11/2024,41.93
7/10/2024,42.8
7/9/2024,43
7/8/2024,42.69
7/5/2024,42.72
7/3/2024,43.55
7/2/2024,44.36
7/1/2024,44.79
6/28/2024,43.43
6/27/2024,42.88
6/26/2024,43.16
6/25/2024,42.38
6/24/2024,42.48
6/21/2024,42.57
6/20/2024,42.54
6/18/2024,42.17
6/17/2024,42.79
6/14/2024,42.13
6/13/2024,42.38
6/12/2024,42.95
6/11/2024,44.04
6/10/2024,44.69
6/7/2024,44.3
6/6/2024,42.81
6/5/2024,42.89
6/4/2024,43.36
6/3/2024,44.02
5/31/2024,45.14
5/30/2024,45.54
5/29/2024,46.24
5/28/2024,45.42
5/24/2024,44.67
5/23/2024,44.75
5/22/2024,44.34
5/21/2024,44.14
5/20/2024,44.37
5/17/2024,44.2
5/16/2024,43.77
5/15/2024,43.56
5/14/2024,44.45
5/13/2024,44.81
5/10/2024,45.04
5/9/2024,44.49
5/8/2024,44.92
5/7/2024,44.63
5/6/2024,44.89
5/3/2024,45
5/2/2024,45.71
5/1/2024,45.95
4/30/2024,46.86
4/29/2024,46.14
4/26/2024,46.69
4/25/2024,47.06
4/24/2024,46.52
4/23/2024,45.98
4/22/2024,46.23
4/19/2024,46.15
4/18/2024,46.47
4/17/2024,45.85
4/16/2024,46.59
4/15/2024,46.28
4/12/2024,44.99
4/11/2024,45.76
4/10/2024,45.6
4/9/2024,43.66
4/8/2024,44.24
4/5/2024,43.78
4/4/2024,43.09
4/3/2024,43.55
4/2/2024,43.65
4/1/2024,43.29
3/28/2024,42.06
3/27/2024,41.96
3/26/2024,42.34
3/25/2024,42.53
3/22/2024,42.18
3/21/2024,42.71
3/20/2024,42.73
3/19/2024,42.97
3/18/2024,43.4
3/15/2024,43.04
3/14/2024,42.98
3/13/2024,41.92
3/12/2024,41.55
3/11/2024,41.04
3/8/2024,40.89
3/7/2024,40.92
3/6/2024,41.04
3/5/2024,41.37
3/4/2024,42.19
3/1/2024,41.8
2/29/2024,42.52
2/28/2024,42.74
2/27/2024,43.15
2/26/2024,42.99
2/23/2024,42.6
2/22/2024,43.27
2/21/2024,43.25
2/20/2024,42.75
2/16/2024,42.95
2/15/2024,42.4
2/14/2024,42.67
2/13/2024,43.16
2/12/2024,41.72
2/9/2024,41.87
2/8/2024,41.7
2/7/2024,41.1
2/6/2024,40.9
2/5/2024,41.64
2/2/2024,40.33
2/1/2024,38.63
1/31/2024,39.67
1/30/2024,40.59
1/29/2024,40.91
1/26/2024,41.6
1/25/2024,41.32
1/24/2024,41.78
1/23/2024,41.42
1/22/2024,40.94
1/19/2024,41.46
1/18/2024,41.44
1/17/2024,41.06
1/16/2024,40.66
1/12/2024,39.5
1/11/2024,39.77
1/10/2024,40.3
1/9/2024,40.19
1/8/2024,40.02
1/5/2024,40.42
1/4/2024,39.91
1/3/2024,39.07
1/2/2024,39.46
12/29/2023,38.66
12/28/2023,38.5
12/27/2023,37.89
12/26/2023,38.86
12/22/2023,39.01
12/21/2023,38.94
12/20/2023,38.77
12/19/2023,39.22
12/18/2023,39.54
12/15/2023,39.28
12/14/2023,39.3
12/13/2023,40.33
12/12/2023,42.06
12/11/2023,42.39
12/8/2023,42.45
12/7/2023,41.29
12/6/2023,41.21
12/5/2023,41.71
12/4/2023,42.88
12/1/2023,42.26
11/30/2023,43.52
11/29/2023,42.71
11/28/2023,43.36
11/27/2023,43.89
11/24/2023,44.72
11/22/2023,44.16
11/21/2023,44.18
11/20/2023,44.22
11/17/2023,44.41
11/16/2023,44.45
11/15/2023,45.35
11/14/2023,44.41
11/13/2023,46.32
11/10/2023,46.28
11/9/2023,46.3
11/8/2023,45.23
11/7/2023,45.71
11/6/2023,46.62
11/3/2023,45.58
11/2/2023,46.69
11/1/2023,47.89
10/31/2023,48.75
10/30/2023,48.75
10/27/2023,48.45
10/26/2023,48.45
10/25/2023,49.53
10/24/2023,48.4
10/23/2023,48.38
10/20/2023,49.24
10/19/2023,49.88
10/18/2023,49.04
10/17/2023,48.47
10/16/2023,47.12
10/13/2023,46.29
10/12/2023,47.12
10/11/2023,45.95
10/10/2023,46.55
10/9/2023,47.97
10/6/2023,47.84
10/5/2023,47.17
10/4/2023,47.35
10/3/2023,48.02
10/2/2023,46.83
9/29/2023,45.73
9/28/2023,45.97
9/27/2023,46.26
9/26/2023,45.58
9/25/2023,45.42
9/22/2023,44.38
9/21/2023,44.8
9/20/2023,43.49
9/19/2023,43.65
9/18/2023,43.19
9/15/2023,43.22
9/14/2023,42.88
9/13/2023,42.49
9/12/2023,42.64
9/11/2023,42.88
9/8/2023,42.58
9/7/2023,42.6
9/6/2023,42.9
9/5/2023,42.68
9/1/2023,41.73
8/31/2023,40.93
8/30/2023,41.18
8/29/2023,41.22
8/28/2023,42.12
8/25/2023,42.39
8/24/2023,42.35
8/23/2023,41.98
8/22/2023,43.28
8/21/2023,43.42
8/18/2023,42.51
8/17/2023,43.08
8/16/2023,42.58
8/15/2023,42.21
8/14/2023,41.84
8/11/2023,41.68
8/10/2023,40.8
8/9/2023,40.12
8/8/2023,40.26
8/7/2023,40.78
8/4/2023,40.6
8/3/2023,41.89
8/2/2023,40.78
8/1/2023,40.51
7/31/2023,39.59
7/28/2023,39.69
7/27/2023,40.12
7/26/2023,38.51
7/25/2023,39.12
7/24/2023,38.57
7/21/2023,38.37
7/20/2023,38.54
7/19/2023,37.42
7/18/2023,37.89
7/17/2023,37.97
7/14/2023,38.19
7/13/2023,37.61
7/12/2023,38.61
7/11/2023,39.8
7/10/2023,40.06
7/7/2023,40.5
7/6/2023,40.41
7/5/2023,39.45
7/3/2023,38.58
6/30/2023,38.19
6/29/2023,38.54
6/28/2023,37.1
6/27/2023,37.68
6/26/2023,37.19
6/23/2023,37.39
6/22/2023,37.99
6/21/2023,37.23
6/20/2023,37.29
6/16/2023,37.69
6/15/2023,37.28
6/14/2023,37.96
6/13/2023,38.39
6/12/2023,37.65
6/9/2023,37.45
6/8/2023,37.14
6/7/2023,37.84
6/6/2023,36.99
6/5/2023,36.93
6/2/2023,36.91
6/1/2023,36.08
5/31/2023,36.37
5/30/2023,37
5/26/2023,38.1
5/25/2023,38.14
5/24/2023,37.19
5/23/2023,36.98
5/22/2023,37.19
5/19/2023,36.92
5/18/2023,36.48
5/17/2023,35.81
5/16/2023,35.49
5/15/2023,35.08
5/12/2023,34.63
5/11/2023,33.97
5/10/2023,34.39
5/9/2023,35.21
5/8/2023,35.21
5/5/2023,34.46
5/4/2023,33.51
5/3/2023,34.03
5/2/2023,34.39
5/1/2023,35.74
4/28/2023,34.52
4/27/2023,35.28
4/26/2023,34.32
4/25/2023,33.96
4/24/2023,35.15
4/21/2023,35.7
4/20/2023,35.45
4/19/2023,36.02
4/18/2023,35.72
4/17/2023,35.91
4/14/2023,35.22
4/13/2023,34.52
4/12/2023,34.21
4/11/2023,34.34
4/10/2023,34.15
4/6/2023,32.88
4/5/2023,32.87
4/4/2023,33.37
4/3/2023,34.3
3/31/2023,34.94
3/30/2023,35.51
3/29/2023,35.66
3/28/2023,35.64
3/27/2023,35.28
3/24/2023,33.8
3/23/2023,34.06
3/22/2023,35
3/21/2023,36.06
3/20/2023,34.81
3/17/2023,33.95
3/16/2023,35.85
3/15/2023,34.92
3/14/2023,36.38
3/13/2023,35.15
3/10/2023,36.95
3/9/2023,39.25
3/8/2023,39.76
3/7/2023,39.75
3/6/2023,39.83
3/3/2023,39.64
3/2/2023,40.73
3/1/2023,39.94
2/28/2023,39.16
2/27/2023,39.22
2/24/2023,39.49
2/23/2023,38.79
2/22/2023,39.23
2/21/2023,39.55
2/17/2023,38.28
2/16/2023,38.43
2/15/2023,38.09
2/14/2023,37.61
2/13/2023,37.17
2/10/2023,37.44
2/9/2023,36.83
2/8/2023,36.53
2/7/2023,36.74
2/6/2023,36.34
2/3/2023,35.32
2/2/2023,33.96
2/1/2023,33.97
1/31/2023,35.29
1/30/2023,35.51
1/27/2023,35.18
1/26/2023,34.93
1/25/2023,34.62
1/24/2023,34.69
1/23/2023,35.25
1/20/2023,34.84
1/19/2023,33.97
1/18/2023,33.75
1/17/2023,35.35
1/13/2023,35.11
1/12/2023,34.49
1/11/2023,35.54
1/10/2023,36.21
1/9/2023,35.17
1/6/2023,35.69
1/5/2023,37.2
1/4/2023,37.09
1/3/2023,37.93
12/30/2022,38.79
12/29/2022,38.35
12/28/2022,38.87
12/27/2022,38.6
12/23/2022,37.51
12/22/2022,36.69
12/21/2022,36.84
12/20/2022,36.84
12/19/2022,35.81
12/16/2022,34.82
12/15/2022,34.5
12/14/2022,35.03
12/13/2022,35.01
12/12/2022,36.11
12/9/2022,35.67
12/8/2022,34.91
12/7/2022,34.08
12/6/2022,35.13
12/5/2022,35.99
12/2/2022,35.06
12/1/2022,35.29
11/30/2022,37.03
11/29/2022,37.48
11/28/2022,37.03
11/25/2022,36.91
11/23/2022,37.06
11/22/2022,37.58
11/21/2022,38.25
11/18/2022,38.18
11/17/2022,37.75
11/16/2022,36.92
11/15/2022,37.99
11/14/2022,38.65
11/11/2022,38.13
11/10/2022,38.29
11/9/2022,41.51
11/8/2022,41.26
11/7/2022,42.14
11/4/2022,41.56
11/3/2022,41.24
11/2/2022,40.59
11/1/2022,40.52
10/31/2022,40.77
10/28/2022,40.1
10/27/2022,39.37
10/26/2022,40.15
10/25/2022,41.08
10/24/2022,42.34
10/21/2022,42.13
10/20/2022,42.26
10/19/2022,41.27
10/18/2022,39.98
10/17/2022,40.15
10/14/2022,40.1
10/13/2022,39.52
10/12/2022,39.02
10/11/2022,39.39
10/10/2022,38.88
10/7/2022,38.83
10/6/2022,38.26
10/5/2022,37.59
10/4/2022,36.17
10/3/2022,36.51
9/30/2022,38.04
9/29/2022,37.47
9/28/2022,37.05
9/27/2022,39.64
9/26/2022,38.78
9/23/2022,36.97
9/22/2022,37.08
9/21/2022,35.1
9/20/2022,35.71
9/19/2022,34.9
9/16/2022,34.48
9/15/2022,34.59
9/14/2022,34.12
9/13/2022,34.22
9/12/2022,33.62
9/9/2022,33.21
9/8/2022,32.92
9/7/2022,32.65
9/6/2022,33.4
9/2/2022,31.93
9/1/2022,32.65
8/31/2022,31.33
8/30/2022,31.1
8/29/2022,31.1
8/26/2022,30.35
8/25/2022,30.26
8/24/2022,31.06
8/23/2022,30.54
8/22/2022,30.37
8/19/2022,29.89
8/18/2022,28.8
8/17/2022,28.93
8/16/2022,28.24
8/15/2022,27.91
8/12/2022,28.49
8/11/2022,28.88
8/10/2022,27.86
8/9/2022,27.97
8/8/2022,27.65
8/5/2022,28.4
8/4/2022,26.76
8/3/2022,27.48
8/2/2022,27.41
8/1/2022,26.06
7/29/2022,26.42
7/28/2022,26.81
7/27/2022,27.34
7/26/2022,27.87
7/25/2022,28.2
7/22/2022,27.83
7/21/2022,29.1
7/20/2022,30.36
7/19/2022,30.19
7/18/2022,29.6
7/15/2022,29.3
7/14/2022,29.6
7/13/2022,29.04
7/12/2022,29.58
7/11/2022,29.91
7/8/2022,31.01
7/7/2022,30.08
7/6/2022,29.13
7/5/2022,28.09
7/1/2022,28.89
6/30/2022,29.72
6/29/2022,30.93
6/28/2022,32.06
6/27/2022,31.94
6/24/2022,31.25
6/23/2022,30.68
6/22/2022,31.56
6/21/2022,33.07
6/17/2022,32.39
6/16/2022,33.07
6/15/2022,33.95
6/14/2022,34.83
6/13/2022,33.66
6/10/2022,31.56
6/9/2022,30.44
6/8/2022,30.29
6/7/2022,29.72
6/6/2022,30.38
6/3/2022,29.57
6/2/2022,29.13
6/1/2022,29.31
5/31/2022,28.44
5/27/2022,27.43
5/26/2022,27.56
5/25/2022,27.49
5/24/2022,27.6
5/23/2022,28.59
5/20/2022,27.87
5/19/2022,28.55
5/18/2022,28.86
5/17/2022,29.68
5/16/2022,28.77
5/13/2022,29.35
5/12/2022,28.17
5/11/2022,29.21
5/10/2022,29.93
5/9/2022,30.79
5/6/2022,31.23
5/5/2022,30.66
5/4/2022,29.17
5/3/2022,29.6
5/2/2022,29.96
4/29/2022,28.87
4/28/2022,28.63
4/27/2022,28.18
4/26/2022,27.72
4/25/2022,28.26
4/22/2022,29.06
4/21/2022,29.17
4/20/2022,28.4
4/19/2022,29.13
4/18/2022,28.62
4/14/2022,28.28
4/13/2022,26.87
4/12/2022,27.25
4/11/2022,27.8
4/8/2022,27.13
4/7/2022,26.52
4/6/2022,26.09
4/5/2022,25.56
4/4/2022,24.12
4/1/2022,23.77
3/31/2022,23.27
3/30/2022,23.58
3/29/2022,24
3/28/2022,24.77
3/25/2022,24.92
3/24/2022,23.41
3/23/2022,23.21
3/22/2022,23.73
3/21/2022,23.15
3/18/2022,21.48
3/17/2022,21.92
3/16/2022,21.88
3/15/2022,21.6
3/14/2022,21.4
3/11/2022,20.04
3/10/2022,20.11
3/9/2022,19.48
3/8/2022,18.72
3/7/2022,17.51
3/4/2022,17.24
3/3/2022,18.44
3/2/2022,18.65
3/1/2022,17.07
2/28/2022,18.39
2/25/2022,19.86
2/24/2022,19.69
2/23/2022,19.77
2/22/2022,19.48
2/18/2022,19.32
2/17/2022,19.72
2/16/2022,20.47
2/15/2022,20.45
2/14/2022,19.96
2/11/2022,19.55
2/10/2022,20.31
2/9/2022,19.29
2/8/2022,19.54
2/7/2022,19.16
2/4/2022,19.3
2/3/2022,18.27
2/2/2022,17.66
2/1/2022,18
1/31/2022,17.82
1/28/2022,17.82
1/27/2022,18.07
1/26/2022,18.48
1/25/2022,17.83
1/24/2022,17.35
1/21/2022,17.47
1/20/2022,18.33
1/19/2022,18.27
1/18/2022,18.65
1/14/2022,17.72
1/13/2022,17.11
1/12/2022,17.25
1/11/2022,17.46
1/10/2022,17.8
1/7/2022,17.71
1/6/2022,17.33
1/5/2022,17.05
1/4/2022,16.68
1/3/2022,16.28
12/31/2021,15.12
12/30/2021,15.15
12/29/2021,15.43
12/28/2021,14.81
12/27/2021,14.81
12/23/2021,14.93
12/22/2021,14.57
12/21/2021,14.87
12/20/2021,14.19
12/17/2021,14.02
12/16/2021,14.22
12/15/2021,14.63
12/14/2021,14.38
12/13/2021,14.24
12/10/2021,14.89
12/9/2021,14.87
12/8/2021,15.09
12/7/2021,14.8
12/6/2021,14.34
12/3/2021,13.43
12/2/2021,14.48
12/1/2021,14.34
11/30/2021,14.43
11/29/2021,15.3
11/26/2021,14.82
11/24/2021,16.45
11/23/2021,16.67
11/22/2021,16.25
11/19/2021,15.36
11/18/2021,15.89
11/17/2021,16.04
11/16/2021,16.34
11/15/2021,16.23
11/12/2021,15.82
11/11/2021,15.6
11/10/2021,15.6
11/9/2021,14.32
11/8/2021,14.97
11/5/2021,14.53
11/4/2021,15.24
11/3/2021,15.79
11/2/2021,15.49
11/1/2021,15.75
10/29/2021,15.57
10/28/2021,15.68
10/27/2021,15.29
10/26/2021,16.19
10/25/2021,16.35
10/22/2021,16.55
10/21/2021,16.76
10/20/2021,16.36
10/19/2021,16.35
10/18/2021,15.84
10/15/2021,15.76
10/14/2021,15.19
10/13/2021,15.49
10/12/2021,15.8
10/11/2021,16.14
10/8/2021,16.05
10/7/2021,15.71
10/6/2021,15.24
10/5/2021,15.29
10/4/2021,14.81
10/1/2021,14.65
9/30/2021,15.29
9/29/2021,15.41
9/28/2021,15.34
9/27/2021,14.84
9/24/2021,14.6
9/23/2021,14.1
9/22/2021,13.36
9/21/2021,13.24
9/20/2021,13.09
9/17/2021,13.7
9/16/2021,13.31
9/15/2021,13.04
9/14/2021,12.77
9/13/2021,13.24
9/10/2021,13.41
9/9/2021,12.99
9/8/2021,13.34
9/7/2021,13.7
9/3/2021,13.22
9/2/2021,12.94
9/1/2021,13.02
8/31/2021,13.04
8/30/2021,12.85
8/27/2021,13.12
8/26/2021,13.42
8/25/2021,13.42
8/24/2021,12.9
8/23/2021,12.55
8/20/2021,12.6
8/19/2021,12.42
8/18/2021,12.73
8/17/2021,12.58
8/16/2021,12.57
8/13/2021,12.97
8/12/2021,13.67
8/11/2021,13.39
8/10/2021,13.42
8/9/2021,13.17
8/6/2021,12.9
8/5/2021,12.17
8/4/2021,11.84
8/3/2021,11.76
8/2/2021,11.74
7/30/2021,12.39
7/29/2021,12.69
7/28/2021,12.61
7/27/2021,12.34
7/26/2021,12.76
7/23/2021,12.86
7/22/2021,12.65
7/21/2021,12.8
7/20/2021,12.09
7/19/2021,11.81
7/16/2021,13
7/15/2021,12.97
7/14/2021,13.56
7/13/2021,14.15
7/12/2021,13.63
7/9/2021,13.56
7/8/2021,12.88
7/7/2021,13.21
7/6/2021,13.7
7/2/2021,14.31
7/1/2021,14.8
6/30/2021,14.43
6/29/2021,14.8
6/28/2021,14.78
6/25/2021,15.36
6/24/2021,14.87
6/23/2021,14.87
6/22/2021,14.72
6/21/2021,14.84
6/18/2021,14.5
6/17/2021,15.11
6/16/2021,15.69
6/15/2021,14.99
6/14/2021,15.01
6/11/2021,14.62
6/10/2021,14.59
6/9/2021,14.89
6/8/2021,15.28
6/7/2021,15.69
6/4/2021,15.6
6/3/2021,16.25
6/2/2021,15.91
6/1/2021,16.15
5/28/2021,15.81
5/27/2021,16.1
5/26/2021,15.74
5/25/2021,15.64
5/24/2021,16.08
5/21/2021,16.32
5/20/2021,16.34
5/19/2021,16.83
5/18/2021,16.42
5/17/2021,16.4
5/14/2021,16.35
5/13/2021,16.68
5/12/2021,16.95
5/11/2021,16.24
5/10/2021,16.02
5/7/2021,15.77
5/6/2021,15.61
5/5/2021,15.84
5/4/2021,15.92
5/3/2021,16.07
4/30/2021,16.31
4/29/2021,16.4
4/28/2021,16.2
4/27/2021,16.22
4/26/2021,15.7
4/23/2021,15.67
4/22/2021,15.54
4/21/2021,15.64
4/20/2021,15.62
4/19/2021,16.01
4/16/2021,15.73
4/15/2021,15.3
4/14/2021,16.38
4/13/2021,16.23
4/12/2021,16.75
4/9/2021,16.66
4/8/2021,16.32
4/7/2021,16.53
4/6/2021,16.56
4/5/2021,17.2
4/1/2021,16.79
3/31/2021,17.46
3/30/2021,17.26
3/29/2021,17.21
3/26/2021,16.6
3/25/2021,16.14
3/24/2021,16.14
3/23/2021,16.38
3/22/2021,16.84
3/19/2021,17.32
3/18/2021,17.3
3/17/2021,16.41
3/16/2021,16.21
3/15/2021,16.07
3/12/2021,16.35
3/11/2021,15.27
3/10/2021,15.2
3/9/2021,15.46
3/8/2021,15.96
3/5/2021,15.54
3/4/2021,15.5
3/3/2021,14.7
3/2/2021,14.15
3/1/2021,14.46
2/26/2021,14.6
2/25/2021,15.18
2/24/2021,13.89
2/23/2021,13.62
2/22/2021,13.7
2/19/2021,13.45
2/18/2021,12.87
2/17/2021,13.01
2/16/2021,12.99
2/12/2021,12
2/11/2021,11.58
2/10/2021,11.33
2/9/2021,11.57
2/8/2021,11.6
2/5/2021,11.7
2/4/2021,11.39
2/3/2021,11.31
2/2/2021,11.05
2/1/2021,10.77
1/29/2021,10.93
1/28/2021,10.57
1/27/2021,10.14
1/26/2021,10.4
1/25/2021,10.4
1/22/2021,10.91
1/21/2021,11.09
1/20/2021,10.9
1/19/2021,10.92
1/15/2021,10.97
1/14/2021,11.29
1/13/2021,10.88
1/12/2021,11.38
1/11/2021,11.32
1/8/2021,11.05
1/7/2021,10.71
1/6/2021,10.42
1/5/2021,9.55
1/4/2021,9.17
12/31/2020,9.17
12/30/2020,9.26
12/29/2020,9.35
12/28/2020,9.33
12/24/2020,9.26
12/23/2020,9.55
12/22/2020,9.18
12/21/2020,9.41
12/18/2020,9.48
12/17/2020,9.3
12/16/2020,9.2
12/15/2020,9.23
12/14/2020,8.92
12/11/2020,8.93
12/10/2020,9.08
12/9/2020,9.41
12/8/2020,9.13
12/7/2020,9.28
12/4/2020,9.69
12/3/2020,9.2
12/2/2020,9.48
12/1/2020,9.34
11/30/2020,8.44
11/27/2020,8.42
11/25/2020,8.78
11/24/2020,8.82
11/23/2020,8.57
11/20/2020,8.29
11/19/2020,8.54
11/18/2020,8.82
11/17/2020,8.72
11/16/2020,9.06
11/13/2020,8.93
11/12/2020,8.85
11/11/2020,9.58
11/10/2020,9.72
11/9/2020,9.58
11/6/2020,8.2
11/5/2020,7.76
11/4/2020,7.68
11/3/2020,8.82
11/2/2020,8.49
10/30/2020,8.6
10/29/2020,8.35
10/28/2020,7.81
10/27/2020,7.78
10/26/2020,8.01
10/23/2020,8.41
10/22/2020,8.48
10/21/2020,8.16
10/20/2020,7.97
10/19/2020,7.61
10/16/2020,7.44
10/15/2020,7.31
10/14/2020,7.22
10/13/2020,7.27
10/12/2020,7.77
10/9/2020,7.75
10/8/2020,7.65
10/7/2020,7.85
10/6/2020,7.42
10/5/2020,7.62
10/2/2020,6.96
10/1/2020,6.77
9/30/2020,6.77
9/29/2020,6.45
9/28/2020,6.63
9/25/2020,6.59
9/24/2020,6.66
9/23/2020,6.76
9/22/2020,6.64
9/21/2020,6.71
9/18/2020,6.94
9/17/2020,6.84
9/16/2020,6.87
9/15/2020,6.79
9/14/2020,6.71
9/11/2020,6.69
9/10/2020,6.85
9/9/2020,7.03
9/8/2020,6.84
9/4/2020,7.21
9/3/2020,6.22
9/2/2020,6.51
9/1/2020,6.72
8/31/2020,6.93
8/28/2020,7.29
8/27/2020,7.46
8/26/2020,6.87
8/25/2020,6.82
8/24/2020,6.46
8/21/2020,6.4
8/20/2020,6.44
8/19/2020,6.75
8/18/2020,6.69
8/17/2020,6.83
8/14/2020,7.09
8/13/2020,7.16
8/12/2020,6.7
8/11/2020,6.58
8/10/2020,5.74
8/7/2020,5.62
8/6/2020,5.36
8/5/2020,5.43
8/4/2020,5.15
8/3/2020,5.63
7/31/2020,5.36
7/30/2020,5.41
7/29/2020,5.79
7/28/2020,5.81
7/27/2020,6.09
7/24/2020,5.89
7/23/2020,5.82
7/22/2020,5.95
7/21/2020,6.07
7/20/2020,6.2
7/17/2020,6.28
7/16/2020,6.12
7/15/2020,6.3
7/14/2020,6.15
7/13/2020,6.4
7/10/2020,6.33
7/9/2020,6.05
7/8/2020,6.53
7/7/2020,6.5
7/6/2020,6.84
7/2/2020,6.69
7/1/2020,6.82
6/30/2020,6.53
6/29/2020,6.36
6/26/2020,6.36
6/25/2020,6.74
6/24/2020,6.84
6/23/2020,7.09
6/22/2020,7.04
6/19/2020,6.97
6/18/2020,6.94
6/17/2020,7.33
6/16/2020,7.56
6/15/2020,7.02
6/12/2020,6.99
6/11/2020,6.53
6/10/2020,7.48
6/9/2020,8.29
6/8/2020,8.84
6/5/2020,9.04
6/4/2020,8.2
6/3/2020,7.61
6/2/2020,6.8
6/1/2020,6.62
5/29/2020,6.48
5/28/2020,7.05
5/27/2020,6.8
5/26/2020,6.98
5/22/2020,6.57
5/21/2020,6.77
5/20/2020,6.8
5/19/2020,7.11
5/18/2020,7.44
5/15/2020,6.4
5/14/2020,6.19
5/13/2020,6.49
5/12/2020,6.78
5/11/2020,7.26
5/8/2020,6.82
5/7/2020,6.31
5/6/2020,7.11
5/5/2020,6.57
5/4/2020,6.37
5/1/2020,6.42
4/30/2020,6.22
4/29/2020,6.27
4/28/2020,6.1
4/27/2020,6.56
4/24/2020,5.96
4/23/2020,6.13
4/22/2020,6.19
4/21/2020,5.71
4/20/2020,6.26
4/17/2020,6.54
4/16/2020,6.09
4/15/2020,6.38
4/14/2020,7.52
4/13/2020,7.49
4/9/2020,7.29
4/8/2020,7.64
4/7/2020,7.36
4/6/2020,6.76
4/3/2020,5.87
4/2/2020,6.27
4/1/2020,6.35
3/31/2020,6.98
3/30/2020,6.7
3/27/2020,7.49
3/26/2020,8.11
3/25/2020,8.58
3/24/2020,8.16
3/23/2020,7.64
3/20/2020,9.38
3/19/2020,11.19
3/18/2020,12.66
3/17/2020,9.97
3/16/2020,7.28
3/13/2020,9.51
3/12/2020,8.49
3/11/2020,8.2
3/10/2020,7.48
3/9/2020,4.99
3/6/2020,7.06
3/5/2020,9.26
3/4/2020,9.92
3/3/2020,10.1
3/2/2020,10.88
2/28/2020,11.27
2/27/2020,12.99
2/26/2020,13.1
2/25/2020,13.3
2/24/2020,13.77
2/21/2020,14.71
2/20/2020,15.25
2/19/2020,15.7
2/18/2020,15.56
2/14/2020,15.88
2/13/2020,16.17
2/12/2020,16.3
2/11/2020,15.9
2/10/2020,15.47
2/7/2020,15.78
2/6/2020,16.44
2/5/2020,16.49
2/4/2020,16.03
2/3/2020,15.2
1/31/2020,15.2
1/30/2020,15.58
1/29/2020,15.94
1/28/2020,16.41
1/27/2020,16.05
1/24/2020,16.81
1/23/2020,17.4
1/22/2020,17.69
1/21/2020,17.69
1/17/2020,18.36
1/16/2020,18.09
1/15/2020,17.88
1/14/2020,18.18
1/13/2020,18.48
1/10/2020,18.25
1/9/2020,18.58
1/8/2020,18.74
1/7/2020,18.27
1/6/2020,18.11
1/3/2020,17.88
1/2/2020,18.82
12/31/2019,19.19
12/30/2019,18.95
12/27/2019,18.74
12/26/2019,19.05
12/24/2019,19.1
12/23/2019,19.35
12/20/2019,19.17
12/19/2019,19.08
12/18/2019,19.24
12/17/2019,18.89
12/16/2019,18.92
12/13/2019,18.19
12/12/2019,18.97
12/11/2019,17.9
12/10/2019,18.33
12/9/2019,18.29
12/6/2019,18.42
12/5/2019,17.97
12/4/2019,17.81
12/3/2019,17.09
12/2/2019,18.36
11/29/2019,17.76
11/27/2019,17.67
11/26/2019,17.4
11/25/2019,17.64
11/22/2019,17.74
11/21/2019,17.72
11/20/2019,17.38
11/19/2019,17.86
11/18/2019,18.08
11/15/2019,18.34
11/14/2019,18.15
11/13/2019,18.7
11/12/2019,19.09
11/11/2019,19.43
11/8/2019,19.33
11/7/2019,19.26
11/6/2019,18.14
11/5/2019,18.66
11/4/2019,17.86
11/1/2019,17.28
10/31/2019,16.91
10/30/2019,17.98
10/29/2019,18.35
10/28/2019,18.53
10/25/2019,18.01
10/24/2019,17.66
10/23/2019,17.59
10/22/2019,17.68
10/21/2019,17.92
10/18/2019,17.47
10/17/2019,17.57
10/16/2019,17.48
10/15/2019,17.71
10/14/2019,17.33
10/11/2019,17.52
10/10/2019,16.58
10/9/2019,15.89
10/8/2019,15.37
10/7/2019,15.53
10/4/2019,15.15
10/3/2019,15.36
10/2/2019,15.96
10/1/2019,16.44
9/30/2019,16.75
9/27/2019,16.75
9/26/2019,16.85
9/25/2019,17.32
9/24/2019,16.35
9/23/2019,17.08
9/20/2019,17.55
9/19/2019,17.74
9/18/2019,17.86
9/17/2019,18.12
9/16/2019,18.41
9/13/2019,19.03
9/12/2019,17.91
9/11/2019,17.33
9/10/2019,17.02
9/9/2019,16.22
9/6/2019,15.5
9/5/2019,15.65
9/4/2019,14.59
9/3/2019,14.66
8/30/2019,15.06
8/29/2019,15.16
8/28/2019,14.66
8/27/2019,14.9
8/26/2019,15.45
8/23/2019,15.28
8/22/2019,16.1
8/21/2019,15.77
8/20/2019,15.61
8/19/2019,15.98
8/16/2019,15.39
8/15/2019,15.29
8/14/2019,15.81
8/13/2019,16.8
8/12/2019,16.39
8/9/2019,17.34
8/8/2019,17.16
8/7/2019,16.84
8/6/2019,17.39
8/5/2019,17.35
8/2/2019,18.55
8/1/2019,18.94
7/31/2019,20.21
7/30/2019,20.61
7/29/2019,20.55
7/26/2019,20.81
7/25/2019,20.74
7/24/2019,20.5
7/23/2019,20.74
7/22/2019,20.43
7/19/2019,20.48
7/18/2019,20.38
7/17/2019,20.61
7/16/2019,21.22
7/15/2019,20.92
7/12/2019,21.06
7/11/2019,21.2
7/10/2019,20.61
7/9/2019,20.54
7/8/2019,20.34
7/5/2019,20.48
7/3/2019,19.53
7/2/2019,19.76
7/1/2019,20.34
6/28/2019,20
6/27/2019,20.05
6/26/2019,20.49
6/25/2019,19.94
6/24/2019,20.21
6/21/2019,20.68
6/20/2019,20.01
6/19/2019,20.29
6/18/2019,20.6
6/17/2019,20.86
6/14/2019,20.93
6/13/2019,20.91
6/12/2019,21.27
6/11/2019,21.4
6/10/2019,21.43
6/7/2019,20.84
6/6/2019,21.24
6/5/2019,21.23
6/4/2019,21.19
6/3/2019,20.81
5/31/2019,21.42
5/30/2019,22.27
5/29/2019,22.36
5/28/2019,22.68
5/24/2019,23.24
5/23/2019,22.96
5/22/2019,23.93
5/21/2019,24.26
5/20/2019,24.16
5/17/2019,23.93
5/16/2019,24.05
5/15/2019,23.79
5/14/2019,24.19
5/13/2019,24.05
5/10/2019,24.55
5/9/2019,24.57
5/8/2019,24.82
5/7/2019,24.48
5/6/2019,25
5/3/2019,25.31
5/2/2019,25.52
5/1/2019,25.11
4/30/2019,25.09
4/29/2019,25.36
4/26/2019,25.05
4/25/2019,25.34
4/24/2019,25.22
4/23/2019,25.7
4/22/2019,25.9
4/18/2019,25.6
4/17/2019,25.92
4/16/2019,25.92
4/15/2019,25.53
4/12/2019,25.6
4/11/2019,25.04
4/10/2019,24.77
4/9/2019,24.99
4/8/2019,25.19
4/5/2019,25.01
4/4/2019,25.12
4/3/2019,25.17
4/2/2019,24.81
4/1/2019,24.97
3/29/2019,24.14
3/28/2019,23.89
3/27/2019,23.74
3/26/2019,24.14
3/25/2019,24.2
3/22/2019,24.55
3/21/2019,25.37
3/20/2019,25.35
3/19/2019,26.14
3/18/2019,26.02
3/15/2019,25.93
3/14/2019,26.3
3/13/2019,26.11
3/12/2019,26.05
3/11/2019,26.43
3/8/2019,26.25
3/7/2019,26.36
3/6/2019,26.92
3/5/2019,27.22
3/4/2019,27.22
3/1/2019,27.55
2/28/2019,27.11
2/27/2019,26.93
2/26/2019,26.36
2/25/2019,26.73
2/22/2019,26.55
2/21/2019,26.88
2/20/2019,26.54
2/19/2019,26.47
2/15/2019,26.66
2/14/2019,26.57
2/13/2019,27.08
2/12/2019,26.84
2/11/2019,26.61
2/8/2019,26.32
2/7/2019,26.52
2/6/2019,27.02
2/5/2019,27.02
2/4/2019,27.24
2/1/2019,26.91
1/31/2019,26.35
1/30/2019,26.95
1/29/2019,27.12
1/28/2019,27.44
1/25/2019,27.53
1/24/2019,27.12
1/23/2019,27.55
1/22/2019,27.3
1/18/2019,27.84
1/17/2019,27.49
1/16/2019,27.31
1/15/2019,27.11
1/14/2019,27.1
1/11/2019,27.01
1/10/2019,27.31
1/9/2019,27.28
1/8/2019,27.16
1/7/2019,26.82
1/4/2019,26.59
1/3/2019,25.54
1/2/2019,26.61
12/31/2018,26.86
12/28/2018,27.36
12/27/2018,27.43
12/26/2018,27.97
12/24/2018,27.49
12/21/2018,27.92
12/20/2018,27.89
12/19/2018,27.78
12/18/2018,28.25
12/17/2018,28.57
12/14/2018,28.91
12/13/2018,29.11
12/12/2018,29.06
12/11/2018,28.79
12/10/2018,28.56
12/7/2018,28.5
12/6/2018,28.76
12/4/2018,29.24
12/3/2018,29.92
11/30/2018,30.13
11/29/2018,30.35
11/28/2018,30.44
11/27/2018,30.55
11/26/2018,30.72
11/23/2018,30.54
11/21/2018,30.61
11/20/2018,30.48
11/19/2018,30.57
11/16/2018,30.74
11/15/2018,31.18
11/14/2018,31.2
11/13/2018,31.45
11/12/2018,31.86
11/9/2018,31.89
11/8/2018,32.34
11/7/2018,32.13
11/6/2018,32.14
11/5/2018,32.01
11/2/2018,32.14
11/1/2018,31.44
10/31/2018,31.59
10/30/2018,31.1
10/29/2018,30.87
10/26/2018,30.77
10/25/2018,31.36
10/24/2018,31.24
10/23/2018,31.66
10/22/2018,31.96
10/19/2018,31.98
10/18/2018,31.75
10/17/2018,31.79
10/16/2018,31.56
10/15/2018,31.63
10/12/2018,31.41
10/11/2018,31.33
10/10/2018,32.25
10/9/2018,32.08
10/8/2018,32.33
10/5/2018,32.25
10/4/2018,31.97
10/3/2018,31.61
10/2/2018,30.56
10/1/2018,30.8
9/28/2018,30.56
9/27/2018,30.56
9/26/2018,30.61
9/25/2018,31.02
9/24/2018,30.78
9/21/2018,30.68
9/20/2018,30.78
9/19/2018,30.83
9/18/2018,30.48
9/17/2018,30.01
9/14/2018,29.94
9/13/2018,29.63
9/12/2018,29.63
9/11/2018,29.77
9/10/2018,29.37
9/7/2018,29.42
9/6/2018,28.79
9/5/2018,29.02
9/4/2018,29.02
8/31/2018,28.53
8/30/2018,28.6
8/29/2018,28.84
8/28/2018,28.84
8/27/2018,28.48
8/24/2018,28.26
8/23/2018,28.21
8/22/2018,28.23
8/21/2018,28.44
8/20/2018,28.23
8/17/2018,28.73
8/16/2018,28.71
8/15/2018,28.52
8/14/2018,28.95
8/13/2018,28.77
8/10/2018,28.57
8/9/2018,29.35
8/8/2018,29.71
8/7/2018,29.73
8/6/2018,29.38
8/3/2018,29.53
8/2/2018,29.86
8/1/2018,30.03
7/31/2018,29.64
7/30/2018,29.75
7/27/2018,29.6
7/26/2018,29.75
7/25/2018,29.36
7/24/2018,29.49
7/23/2018,29.65
7/20/2018,28.95
7/19/2018,28.47
7/18/2018,28.75
7/17/2018,28.64
7/16/2018,28.58
7/13/2018,28.31
7/12/2018,28.53
7/11/2018,28.42
7/10/2018,28.73
7/9/2018,28.6
7/6/2018,28.31
7/5/2018,28.4
7/3/2018,28.38
7/2/2018,28.66
6/29/2018,28.49
6/28/2018,28.47
6/27/2018,28.27
6/26/2018,28.8
6/25/2018,28.75
6/22/2018,29
6/21/2018,28.97
6/20/2018,29.28
6/19/2018,28.93
6/18/2018,29.26
6/15/2018,29.24
6/14/2018,29.46
6/13/2018,29.77
6/12/2018,29.57
6/11/2018,29.57
6/8/2018,29.37
6/7/2018,29.33
6/6/2018,29.75
6/5/2018,29.19
6/4/2018,29.37
6/1/2018,28.95
5/31/2018,28.22
5/30/2018,28.42
5/29/2018,27.68
5/25/2018,29.31
5/24/2018,29.81
5/23/2018,30.03
5/22/2018,30.65
5/21/2018,30.65
5/18/2018,30.67
5/17/2018,31.09
5/16/2018,30.95
5/15/2018,30.8
5/14/2018,29.95
5/11/2018,29.71
5/10/2018,29.71
5/9/2018,30.04
5/8/2018,29.69
5/7/2018,29.5
5/4/2018,29.44
5/3/2018,29.46
5/2/2018,29.64
5/1/2018,29.76
4/30/2018,29.36
4/27/2018,29.57
4/26/2018,29.9
4/25/2018,30.24
4/24/2018,29.83
4/23/2018,29.73
4/20/2018,29.51
4/19/2018,29.14
4/18/2018,28.67
4/17/2018,28.14
4/16/2018,28.32
4/13/2018,28.29
4/12/2018,28.34
4/11/2018,27.9
4/10/2018,27.97
4/9/2018,27.86
4/6/2018,27.75
4/5/2018,28.32
4/4/2018,27.88
4/3/2018,27.84
4/2/2018,27.32
3/29/2018,27.41
3/28/2018,27.75
3/27/2018,27.86
3/26/2018,28.43
3/23/2018,28.3
3/22/2018,28.32
3/21/2018,29.07
3/20/2018,28.79
3/19/2018,28.45
3/16/2018,28.48
3/15/2018,28.26
3/14/2018,28.17
3/13/2018,28.48
3/12/2018,28.7
3/9/2018,28.94
3/8/2018,28.66
3/7/2018,28.83
3/6/2018,28.77
3/5/2018,28.81
3/2/2018,28.57
3/1/2018,28.04
2/28/2018,28.68
2/27/2018,29.08
2/26/2018,28.59
2/23/2018,28.71
2/22/2018,29.17
2/21/2018,29.43
2/20/2018,28.93
2/16/2018,28.77
2/15/2018,28.91
2/14/2018,29.13
2/13/2018,28.4
2/12/2018,28.57
2/9/2018,28.29
2/8/2018,28.51
2/7/2018,28.44
2/6/2018,27.68
2/5/2018,27.94
2/2/2018,28.54
2/1/2018,27.73
1/31/2018,27.2
1/30/2018,27.26
1/29/2018,26.99
1/26/2018,26.62
1/25/2018,26.21
1/24/2018,26.54
1/23/2018,26.24
1/22/2018,26.65
1/19/2018,26.39
1/18/2018,26.11
1/17/2018,25.78
1/16/2018,25.44
1/12/2018,25.52
1/11/2018,25.31
1/10/2018,25.5
1/9/2018,25.46
1/8/2018,24.8
1/5/2018,24.76
1/4/2018,24.53
1/3/2018,24.47
1/2/2018,24.65
12/29/2017,24.05
12/28/2017,24.32
12/27/2017,24.14
12/26/2017,24.67
12/22/2017,24.85
12/21/2017,24.81
12/20/2017,24.97
12/19/2017,24.63
12/18/2017,23.92
12/15/2017,23.55
12/14/2017,23.46
12/13/2017,23.49
12/12/2017,24.03
12/11/2017,23.85
12/8/2017,23.83
12/7/2017,23.76
12/6/2017,23.3
12/5/2017,23.56
12/4/2017,23.79
12/1/2017,23.62
11/30/2017,24.17
11/29/2017,23.76
11/28/2017,23.38
11/27/2017,23.28
11/24/2017,23.4
11/22/2017,23.22
11/21/2017,23.63
11/20/2017,23.72
11/17/2017,23.54
11/16/2017,23.61
11/15/2017,23.35
11/14/2017,23.81
11/13/2017,24
11/10/2017,24
11/9/2017,23.31
11/8/2017,23.25
11/7/2017,23.07
11/6/2017,23.2
11/3/2017,23.43
11/2/2017,23.47
11/1/2017,23.76
10/31/2017,23.76
10/30/2017,23.7
10/27/2017,24.28
10/26/2017,24.52
10/25/2017,24.44
10/24/2017,24.06
10/23/2017,23.76
10/20/2017,23.81
10/19/2017,23.21
10/18/2017,23.39
10/17/2017,22.98
10/16/2017,23.07
10/13/2017,22.8
10/12/2017,23.23
10/11/2017,23.45
10/10/2017,23.45
10/9/2017,23.61
10/6/2017,23.7
10/5/2017,23.5
10/4/2017,23.3
10/3/2017,23.34
10/2/2017,23.37
9/29/2017,23.26
9/28/2017,23.09
9/27/2017,23.09
9/26/2017,22.29
9/25/2017,22.2
9/22/2017,22.62
9/21/2017,22.78
9/20/2017,22.77
9/19/2017,22.43
9/18/2017,22.29
9/15/2017,22.02
9/14/2017,21.97
9/13/2017,21.95
9/12/2017,21.71
9/11/2017,21.25
9/8/2017,20.61
9/7/2017,20.61
9/6/2017,21.08
9/5/2017,20.7
9/1/2017,21.57
8/31/2017,21.21
8/30/2017,21.43
8/29/2017,21.36
8/28/2017,21.59
8/25/2017,21.69
8/24/2017,21.94
8/23/2017,21.71
8/22/2017,22.15
8/21/2017,21.8
8/18/2017,21.94
8/17/2017,21.99
8/16/2017,22.26
8/15/2017,22.66
8/14/2017,22.19
8/11/2017,21.89
8/10/2017,22.12
8/9/2017,22.41
8/8/2017,22.83
8/7/2017,22.57
8/4/2017,22.67
8/3/2017,22.28
8/2/2017,22.62
8/1/2017,22.51
7/31/2017,22.92
7/28/2017,22.89
7/27/2017,23.1
7/26/2017,22.82
7/25/2017,23.26
7/24/2017,22.54
7/21/2017,22.32
7/20/2017,22.66
7/19/2017,22.68
7/18/2017,22.63
7/17/2017,23.09
7/14/2017,23.19
7/13/2017,23.48
7/12/2017,23.27
7/11/2017,23.62
7/10/2017,23.71
7/7/2017,23.93
7/6/2017,23.7
7/5/2017,23.34
7/3/2017,23.46
6/30/2017,23.02
6/29/2017,22.67
6/28/2017,22.21
6/27/2017,21.98
6/26/2017,21.37
6/23/2017,21.44
6/22/2017,21.53
6/21/2017,21.55
6/20/2017,21.53
6/19/2017,21.9
6/16/2017,21.57
6/15/2017,21.62
6/14/2017,21.38
6/13/2017,22.07
6/12/2017,22.13
6/9/2017,21.99
6/8/2017,21.94
6/7/2017,21.78
6/6/2017,21.47
6/5/2017,21.82
6/2/2017,21.59
6/1/2017,22.17
5/31/2017,21.96
5/30/2017,22.17
5/26/2017,22.5
5/25/2017,22.55
5/24/2017,22.66
5/23/2017,22.85
5/22/2017,22.54
5/19/2017,22.45
5/18/2017,22.33
5/17/2017,22.16
5/16/2017,23.29
5/15/2017,23.38
5/12/2017,23.35
5/11/2017,24
5/10/2017,24.14
5/9/2017,24.07
5/8/2017,23.76
5/5/2017,23.52
5/4/2017,23.56
5/3/2017,23.09
5/2/2017,22.96
5/1/2017,23.25
4/28/2017,22.82
4/27/2017,22.96
4/26/2017,23.11
4/25/2017,23.27
4/24/2017,22.73
4/21/2017,22.37
4/20/2017,22.41
4/19/2017,22.02
4/18/2017,21.79
4/17/2017,22.52
4/13/2017,22.32
4/12/2017,22.96
4/11/2017,22.98
4/10/2017,23.61
4/7/2017,23.73
4/6/2017,23.43
4/5/2017,23.57
4/4/2017,23.5
4/3/2017,23.5
3/31/2017,23.96
3/30/2017,24.16
3/29/2017,23.86
3/28/2017,24.09
3/27/2017,23.73
3/24/2017,24
3/23/2017,24.18
3/22/2017,23.96
3/21/2017,24.36
3/20/2017,24.73
3/17/2017,25.01
3/16/2017,25.22
3/15/2017,25.08
3/14/2017,25.95
3/13/2017,26.08
3/10/2017,25.82
3/9/2017,25.98
3/8/2017,25.52
3/7/2017,25.11
3/6/2017,24.94
3/3/2017,24.92
3/2/2017,24.89
3/1/2017,24.63
2/28/2017,23.58
2/27/2017,23.69
2/24/2017,23.17
2/23/2017,23.88
2/22/2017,24.18
2/21/2017,24.27
2/17/2017,24.25
2/16/2017,24.5
2/15/2017,25.02
2/14/2017,24.7
2/13/2017,24.34
2/10/2017,24.09
2/9/2017,23.95
2/8/2017,23.51
2/7/2017,23.89
2/6/2017,24.13
2/3/2017,24.91
2/2/2017,24.7
2/1/2017,24.74
1/31/2017,24.51
1/30/2017,24.83
1/27/2017,24.81
1/26/2017,25.08
1/25/2017,25.23
1/24/2017,24.71
1/23/2017,24.03
1/20/2017,24.67
1/19/2017,24.59
1/18/2017,23.89
1/17/2017,23.27
1/13/2017,23.8
1/12/2017,23.61
1/11/2017,23.7
1/10/2017,23.79
1/9/2017,23.76
1/6/2017,24.18
1/5/2017,23.68
1/4/2017,24.52
1/3/2017,24.5
12/30/2016,24.46
12/29/2016,24.77
12/28/2016,25.06
12/27/2016,25.63
12/23/2016,25.43
12/22/2016,25.53
12/21/2016,25.46
12/20/2016,25.68
12/19/2016,25.42
12/16/2016,25.97
12/15/2016,25.8
12/14/2016,25.25
12/13/2016,24.81
12/12/2016,24.79
12/9/2016,24.64
12/8/2016,23.87
12/7/2016,23.47
12/6/2016,23.96
12/5/2016,23.87
12/2/2016,23.9
12/1/2016,24.41
11/30/2016,23.68
11/29/2016,23.02
11/28/2016,23.2
11/25/2016,23.72
11/23/2016,23.57
11/22/2016,23.21
11/21/2016,23.39
11/18/2016,23.35
11/17/2016,22.76
11/16/2016,22.23
11/15/2016,22.38
11/14/2016,22.22
11/10/2016,21.17
11/9/2016,20.72
11/8/2016,18.62
11/7/2016,18.28
11/4/2016,17.83
11/3/2016,18.12
11/2/2016,17.99
11/1/2016,18.2
10/31/2016,18.34
10/28/2016,18.45
10/27/2016,18.43
10/26/2016,17.9
10/25/2016,17.58
10/24/2016,17.63
10/21/2016,17.4
10/20/2016,17.47
10/19/2016,17.52
10/18/2016,17.49
10/17/2016,17.66
10/14/2016,17.94
10/13/2016,17.38
10/12/2016,17.78
10/11/2016,17.59
10/10/2016,17.23
10/7/2016,17.36
10/6/2016,17.42
10/5/2016,17.16
10/4/2016,16.83
10/3/2016,16.22
9/30/2016,16.08
9/29/2016,15.57
9/28/2016,15.67
9/27/2016,15.56
9/26/2016,15.89
9/23/2016,16.15
9/22/2016,16.32
9/21/2016,16.68
9/20/2016,16.88
9/19/2016,16.96
9/16/2016,17.01
9/15/2016,17.03
9/14/2016,16.89
9/13/2016,17.34
9/12/2016,16.72
9/9/2016,16.72
9/8/2016,16.16
9/7/2016,15.41
9/6/2016,15.43
9/2/2016,15.96
9/1/2016,15.7
8/31/2016,15.68
8/30/2016,15.7
8/29/2016,15.66
8/26/2016,16.35
8/25/2016,15.77
8/24/2016,15.59
8/23/2016,15.53
8/22/2016,15.39
8/19/2016,15.78
8/18/2016,15.36
8/17/2016,15.61
8/16/2016,15.76
8/15/2016,15.53
8/12/2016,15.15
8/11/2016,15.73
8/10/2016,15.09
8/9/2016,15.45
8/8/2016,15.83
8/5/2016,15.82
8/4/2016,15.03
8/3/2016,15.42
8/2/2016,15.37
8/1/2016,14.96
7/29/2016,14.58
7/28/2016,15.11
7/27/2016,15.15
7/26/2016,15.63
7/25/2016,15.71
7/22/2016,15.7
7/21/2016,15.65
7/20/2016,15.8
7/19/2016,15.58
7/18/2016,15.87
7/15/2016,15.94
7/14/2016,15.31
7/13/2016,14.68
7/12/2016,15.13
7/11/2016,14.34
7/8/2016,13.66
7/7/2016,13.87
7/6/2016,13.85
7/5/2016,13.67
7/1/2016,14.56
6/30/2016,14.88
6/29/2016,14.77
6/28/2016,14.61
6/27/2016,14.6
6/24/2016,15.79
6/23/2016,17.39
6/22/2016,16.85
6/21/2016,16.97
6/20/2016,16.7
6/17/2016,16.18
6/16/2016,15.64
6/15/2016,15.96
6/14/2016,16.11
6/13/2016,16.16
6/10/2016,16.39
6/9/2016,16.8
6/8/2016,17.06
6/7/2016,17.13
6/6/2016,17.23
6/3/2016,17.04
6/2/2016,18.11
6/1/2016,18.46
5/31/2016,18.34
5/27/2016,18.51
5/26/2016,18.23
5/25/2016,18.7
5/24/2016,18.59
5/23/2016,18.38
5/20/2016,18.49
5/19/2016,18.45
5/18/2016,18.8
5/17/2016,17.59
5/16/2016,17.53
5/13/2016,17.05
5/12/2016,17.57
5/11/2016,17.37
5/10/2016,17.6
5/9/2016,17.6
5/6/2016,17.79
5/5/2016,17.47
5/4/2016,17.84
5/3/2016,18
5/2/2016,18.65
4/29/2016,18.19
4/28/2016,18.38
4/27/2016,18.6
4/26/2016,19.31
4/25/2016,19.02
4/22/2016,18.88
4/21/2016,18.7
4/20/2016,18.54
4/19/2016,17.83
4/18/2016,17.73
4/15/2016,17.52
4/14/2016,17.81
4/13/2016,17.62
4/12/2016,17.81
4/11/2016,17.24
4/8/2016,17.2
4/7/2016,16.91
4/6/2016,17.55
4/5/2016,17.27
4/4/2016,17.79
4/1/2016,17.92
3/31/2016,17.86
3/30/2016,18.3
3/29/2016,18.14
3/28/2016,18.7
3/24/2016,19
3/23/2016,18.75
3/22/2016,19.35
3/21/2016,19.23
3/18/2016,18.71
3/17/2016,19.03
3/16/2016,19.38
3/15/2016,19.59
3/14/2016,19.63
3/11/2016,19.77
3/10/2016,19.29
3/9/2016,18.92
3/8/2016,18.32
3/7/2016,19.02
3/4/2016,18.83
3/3/2016,18.3
3/2/2016,18.48
3/1/2016,18.34
2/29/2016,17.4
2/26/2016,17.62
2/25/2016,16.97
2/24/2016,17.42
2/23/2016,17.45
2/22/2016,17.66
2/19/2016,17.48
2/18/2016,17.59
2/17/2016,18.19
2/16/2016,17.78
2/12/2016,17.48
2/11/2016,16.44
2/10/2016,17.05
2/9/2016,17.29
2/8/2016,17.35
2/5/2016,18.48
2/4/2016,18.64
2/3/2016,18.81
2/2/2016,18.64
2/1/2016,19.66
1/29/2016,19.31
1/28/2016,19.85
1/27/2016,20.01
1/26/2016,19.94
1/25/2016,20.22
1/22/2016,20.48
1/21/2016,20.19
1/20/2016,19.84
1/19/2016,20.35
1/15/2016,20.33
1/14/2016,20.98
1/13/2016,20.66
1/12/2016,21.02
1/11/2016,21.58
1/8/2016,21.3
1/7/2016,21.53
1/6/2016,21.77
1/5/2016,22.48
1/4/2016,22.45
12/31/2015,22.69
12/30/2015,23.03
12/29/2015,23.07
12/28/2015,22.25
12/24/2015,22.43
12/23/2015,22.64
12/22/2015,22.39
12/21/2015,21.97
12/18/2015,21.99
12/17/2015,22.38
12/16/2015,22.87
12/15/2015,22.68
12/14/2015,22.25
12/11/2015,21.39
12/10/2015,22.39
12/9/2015,22.08
12/8/2015,22.38
12/7/2015,22.25
12/4/2015,22.75
12/3/2015,23.3
12/2/2015,21.78
12/1/2015,21.55
11/30/2015,22.18
11/27/2015,22.25
11/25/2015,22.32
11/24/2015,22.43
11/23/2015,22.5
11/20/2015,22.62
11/19/2015,22.48
11/18/2015,22.69
11/17/2015,22.61
11/16/2015,22.73
11/13/2015,22.8
11/12/2015,23.19
11/11/2015,23.38
11/10/2015,23.22
11/9/2015,23.42
11/6/2015,23.33
11/5/2015,22.45
11/4/2015,22.3
11/3/2015,22.2
11/2/2015,21.87
10/30/2015,21.51
10/29/2015,21.73
10/28/2015,20.92
10/27/2015,20.28
10/26/2015,20.58
10/23/2015,20.83
10/22/2015,20.25
10/21/2015,20.3
10/20/2015,20.71
10/19/2015,20.28
10/16/2015,20.23
10/15/2015,20.23
10/14/2015,19.81
10/13/2015,20.55
10/9/2015,20.99
10/8/2015,21.08
10/7/2015,20.62
10/6/2015,20.35
10/5/2015,20.56
10/2/2015,19.89
10/1/2015,20.42
9/30/2015,20.6
9/29/2015,20.54
9/28/2015,20.95
9/25/2015,21.68
9/24/2015,21.2
9/23/2015,21.44
9/22/2015,21.25
9/21/2015,22.14
9/18/2015,21.3
9/17/2015,22.17
9/16/2015,23.03
9/15/2015,22.81
9/14/2015,21.8
9/11/2015,21.83
9/10/2015,22.22
9/9/2015,21.81
9/8/2015,21.94
9/4/2015,21.28
9/3/2015,21.68
9/2/2015,21.93
9/1/2015,21.72
8/31/2015,22
8/28/2015,21.86
8/27/2015,21.68
8/26/2015,21.72
8/25/2015,21.33
8/24/2015,19.97
8/21/2015,20.54
8/20/2015,20.84
8/19/2015,21.29
8/18/2015,21.96
8/17/2015,21.5
8/14/2015,21.96
8/13/2015,21.89
8/12/2015,21.3
8/11/2015,21.37
8/10/2015,22.38
8/7/2015,21.75
8/6/2015,22.34
8/5/2015,22.68
8/4/2015,22.11
8/3/2015,21.5
7/31/2015,22.05
7/30/2015,22.68
7/29/2015,22.79
7/28/2015,22.5
7/27/2015,22.28
7/24/2015,22.71
7/23/2015,22.77
7/22/2015,23.22
7/21/2015,23.4
7/20/2015,23.72
7/17/2015,23.49
7/16/2015,23.52
7/15/2015,23.5
7/14/2015,23.99
7/13/2015,24.3
7/10/2015,24.17
7/9/2015,23.01
7/8/2015,22.06
7/7/2015,22.31
7/6/2015,22.78
7/2/2015,23.93
7/1/2015,24.18
6/30/2015,23.35
6/29/2015,23.31
6/26/2015,24.76
6/25/2015,23.93
6/24/2015,23.71
6/23/2015,24.09
6/22/2015,23.6
6/19/2015,22.67
6/18/2015,23.51
6/17/2015,23.06
6/16/2015,23.18
6/15/2015,23.58
6/12/2015,23.85
6/11/2015,23.83
6/10/2015,24.78
6/9/2015,24.17
6/8/2015,23.81
6/5/2015,24.02
6/4/2015,23.07
6/3/2015,23.66
6/2/2015,22.66
6/1/2015,21.92
5/29/2015,20.95
5/28/2015,21.3
5/27/2015,21.35
5/26/2015,21.37
5/22/2015,22.15
5/21/2015,21.85
5/20/2015,22.51
5/19/2015,22.62
5/18/2015,22.28
5/15/2015,21.41
5/14/2015,22.39
5/13/2015,22.82
5/12/2015,22.6
5/11/2015,22.74
5/8/2015,21.5
5/7/2015,21.84
5/6/2015,22.4
5/5/2015,21.76
5/4/2015,21.35
5/1/2015,21.17
4/30/2015,20.46
4/29/2015,20.35
4/28/2015,19.73
4/27/2015,19.24
4/24/2015,19.17
4/23/2015,19.47
4/22/2015,19.72
4/21/2015,19.16
4/20/2015,18.95
4/17/2015,18.5
4/16/2015,18.78
4/15/2015,19
4/14/2015,19.04
4/13/2015,19.39
4/10/2015,19.51
4/9/2015,19.58
4/8/2015,18.95
4/7/2015,18.93
4/6/2015,19.04
4/2/2015,19.04
4/1/2015,18.68
3/31/2015,19.34
3/30/2015,19.63
3/27/2015,19.48
3/26/2015,20.07
3/25/2015,19.2
3/24/2015,18.78
3/23/2015,19.15
3/20/2015,19.3
3/19/2015,19.77
3/18/2015,19.51
3/17/2015,20.58
3/16/2015,20.98
3/13/2015,21.12
3/12/2015,20.96
3/11/2015,21.09
3/10/2015,21.26
3/9/2015,21.95
3/6/2015,22.4
3/5/2015,21.12
3/4/2015,21.23
3/3/2015,21.22
3/2/2015,20.84
2/27/2015,20.02
2/26/2015,20.16
2/25/2015,19.69
2/24/2015,19.88
2/23/2015,20.59
2/20/2015,21.33
2/19/2015,21.13
2/18/2015,20.66
2/17/2015,21.45
2/13/2015,20.21
2/12/2015,19.86
2/11/2015,19.88
2/10/2015,19.91
2/9/2015,19.48
2/6/2015,19.38
2/5/2015,18.15
2/4/2015,17.97
2/3/2015,17.8
2/2/2015,16.73
1/30/2015,16.75
1/29/2015,17.51
1/28/2015,17.24
1/27/2015,18.25
1/26/2015,18.28
1/23/2015,18.17
1/22/2015,18.96
1/21/2015,18.53
1/20/2015,18.07
1/16/2015,18.15
1/15/2015,17.75
1/14/2015,18.37
1/13/2015,18.9
1/12/2015,19.12
1/9/2015,19.71
1/8/2015,20.16
1/7/2015,19.54
1/6/2015,19.63
1/5/2015,20.39
1/2/2015,21.23
12/31/2014,21.7
12/30/2014,21.9
12/29/2014,22.07
12/26/2014,22.5
12/24/2014,22.64
12/23/2014,22.57
12/22/2014,21.62
12/19/2014,21.76
12/18/2014,22.04
12/17/2014,21.48
12/16/2014,20.71
12/15/2014,21.16
12/12/2014,21.03
12/11/2014,21.78
12/10/2014,21.69
12/9/2014,22.2
12/8/2014,22.57
12/5/2014,23.07
12/4/2014,22.57
12/3/2014,22.87
12/2/2014,22.85
12/1/2014,22.18
11/28/2014,21.94
11/26/2014,22.34
11/25/2014,22.6
11/24/2014,23.1
11/21/2014,23.15
11/20/2014,23.35
11/19/2014,23.51
11/18/2014,23.22
11/17/2014,23.4
11/14/2014,23.2
11/13/2014,23.47
11/12/2014,23.59
11/11/2014,23.6
11/10/2014,23.59
11/7/2014,23.12
11/6/2014,23.75
11/5/2014,23.5
11/4/2014,23.42
11/3/2014,23.48
10/31/2014,23.35
10/30/2014,23.05
10/29/2014,23.23
10/28/2014,22.84
10/27/2014,22.57
10/24/2014,22.73
10/23/2014,22.75
10/22/2014,22.29
10/21/2014,22.08
10/20/2014,21.81
10/17/2014,21.99
10/16/2014,21.53
10/15/2014,20.9
10/14/2014,22.06
10/10/2014,23.07
10/9/2014,23.27
10/8/2014,23.3
10/7/2014,23.5
10/6/2014,24.25
10/3/2014,24.47
10/2/2014,24.38
10/1/2014,24.03
9/30/2014,25.08
9/29/2014,24.91
9/26/2014,25.35
9/25/2014,25.11
9/24/2014,25.69
9/23/2014,25.35
9/22/2014,25.66
9/19/2014,25.87
9/18/2014,26.29
9/17/2014,26
9/16/2014,25.89
9/15/2014,25.91
9/12/2014,26.14
9/11/2014,25.31
9/10/2014,25.34
9/9/2014,25
9/8/2014,24.69
9/5/2014,24.61
9/4/2014,24.48
9/3/2014,24.1
9/2/2014,24.19
8/29/2014,23.43
8/28/2014,23.34
8/27/2014,23.61
8/26/2014,23.91
8/25/2014,23.87
8/22/2014,24.03
8/21/2014,24.07
8/20/2014,24.26
8/19/2014,24.05
8/18/2014,23.87
8/15/2014,23.45
8/14/2014,24
8/13/2014,24.13
8/12/2014,24.42
8/11/2014,24.2
8/8/2014,24.15
8/7/2014,24.24
8/6/2014,24.74
8/5/2014,24.83
8/4/2014,24.91
8/1/2014,25.05
7/31/2014,25.56
7/30/2014,25.54
7/29/2014,24.62
7/28/2014,24.91
7/25/2014,24.69
7/24/2014,25.09
7/23/2014,24.64
7/22/2014,24.66
7/21/2014,24.74
7/18/2014,24.84
7/17/2014,24.75
7/16/2014,25.38
7/15/2014,25.49
7/14/2014,25.49
7/11/2014,25.2
7/10/2014,25.32
7/9/2014,25.47
7/8/2014,25.65
7/7/2014,26.17
7/3/2014,26.48
7/2/2014,26.28
7/1/2014,25.63
6/30/2014,25.16
6/27/2014,25.32
6/26/2014,25.25
6/25/2014,25.59
6/24/2014,25.86
6/23/2014,26.23
6/20/2014,26.24
6/19/2014,26.22
6/18/2014,26.13
6/17/2014,26.55
6/16/2014,25.97
6/13/2014,26.04
6/12/2014,25.86
6/11/2014,26.4
6/10/2014,26.35
6/9/2014,26.13
6/6/2014,25.97
6/5/2014,25.84
6/4/2014,26.06
6/3/2014,25.93
6/2/2014,25.34
5/30/2014,24.57
5/29/2014,24.47
5/28/2014,24.38
5/27/2014,25.18
5/23/2014,25.36
5/22/2014,25.55
5/21/2014,25.37
5/20/2014,25.09
5/19/2014,25.36
5/16/2014,25.18
5/15/2014,25.02
5/14/2014,25.43
5/13/2014,26.18
5/12/2014,26.56
5/9/2014,26.23
5/8/2014,26.02
5/7/2014,25.9
5/6/2014,25.95
5/5/2014,26.11
5/2/2014,25.91
5/1/2014,26.06
4/30/2014,26.48
4/29/2014,26.95
4/28/2014,26.77
4/25/2014,26.66
4/24/2014,26.88
4/23/2014,26.86
4/22/2014,27.26
4/21/2014,27.21
4/17/2014,27.21
4/16/2014,26.37
4/15/2014,26.28
4/14/2014,26.39
4/11/2014,26.19
4/10/2014,26.28
4/9/2014,26.84
4/8/2014,26.81
4/7/2014,26.95
4/4/2014,27.26
4/3/2014,27.9
4/2/2014,28.03
4/1/2014,27.59
3/31/2014,27.23
3/28/2014,27.12
3/27/2014,26.72
3/26/2014,27.01
3/25/2014,27.35
3/24/2014,27.33
3/21/2014,27.5
3/20/2014,27.75
3/19/2014,27.72
3/18/2014,26.81
3/17/2014,26.99
3/14/2014,26.45
3/13/2014,26.53
3/12/2014,27.26
3/11/2014,27.66
3/10/2014,27.84
3/7/2014,27.9
3/6/2014,27.37
3/5/2014,26.98
3/4/2014,26.91
3/3/2014,26.07
2/28/2014,26.58
2/27/2014,26.42
2/26/2014,26.73
2/25/2014,27.01
2/24/2014,27.5
2/21/2014,27.34
2/20/2014,27.54
2/19/2014,27.34
2/18/2014,27.11
2/14/2014,27.46
2/13/2014,27.36
2/12/2014,27.63
2/11/2014,27.19
2/10/2014,26.78
2/7/2014,26.75
2/6/2014,27.02
2/5/2014,26.67
2/4/2014,26.24
2/3/2014,25.81
1/31/2014,26.68
1/30/2014,26.93
1/29/2014,26.75
1/28/2014,27.46
1/27/2014,27.66
1/24/2014,27.35
1/23/2014,27.73
1/22/2014,28.6
1/21/2014,28.25
1/17/2014,28.27
1/16/2014,28.43
1/15/2014,28.84
1/14/2014,28.69
1/13/2014,28.27
1/10/2014,28.6
1/9/2014,29.63
1/8/2014,29.93
1/7/2014,29.37
1/6/2014,29.61
1/3/2014,29.95
1/2/2014,29.85
12/31/2013,30.26
12/30/2013,29.76
12/27/2013,30.06
12/26/2013,29.9
12/24/2013,29.83
12/23/2013,29.29
12/20/2013,28.87
12/19/2013,29.25
12/18/2013,28.85
12/17/2013,28.43
12/16/2013,28.77
12/13/2013,28.68
12/12/2013,28.77
12/11/2013,28.44
12/10/2013,27.97
12/9/2013,28.57
12/6/2013,28.83
12/5/2013,28.62
12/4/2013,28.41
12/3/2013,27.75
12/2/2013,28.01
11/29/2013,27.41
11/27/2013,27.36
11/26/2013,26.96
11/25/2013,27.41
11/22/2013,27.52
11/21/2013,27.84
11/20/2013,27.92
11/19/2013,27.12
11/18/2013,26.78
11/15/2013,27.09
11/14/2013,27.02
11/13/2013,27.25
11/12/2013,27.68
11/11/2013,27.51
11/8/2013,27.46
11/7/2013,26.13
11/6/2013,26.4
11/5/2013,26.62
11/4/2013,26.02
11/1/2013,26.2
10/31/2013,25.42
10/30/2013,25.27
10/29/2013,25.07
10/28/2013,25.12
10/25/2013,25.03
10/24/2013,25.22
10/23/2013,24.85
10/22/2013,25.12
10/21/2013,26.09
10/18/2013,25.89
10/17/2013,25.87
10/16/2013,26.71
10/15/2013,27.2
10/14/2013,26.91
10/11/2013,26.82
10/10/2013,26.85
10/9/2013,26.5
10/8/2013,26.36
10/7/2013,26.34
10/4/2013,26.52
10/3/2013,26.06
10/2/2013,26.26
10/1/2013,26.46
9/30/2013,26.15
9/27/2013,26.19
9/26/2013,26.43
9/25/2013,26.14
9/24/2013,26.53
9/23/2013,27.14
9/20/2013,27.32
9/19/2013,27.48
9/18/2013,27.08
9/17/2013,28.53
9/16/2013,28.74
9/13/2013,28.98
9/12/2013,29.07
9/11/2013,29.2
9/10/2013,29.59
9/9/2013,28.97
9/6/2013,29.38
9/5/2013,29.79
9/4/2013,28.97
9/3/2013,28.48
8/30/2013,27.49
8/29/2013,27.51
8/28/2013,27.82
8/27/2013,27.21
8/26/2013,28.05
8/23/2013,28.18
8/22/2013,29.01
8/21/2013,28.55
8/20/2013,28.14
8/19/2013,28.84
8/16/2013,28.29
8/15/2013,27.55
8/14/2013,27.12
8/13/2013,27.15
8/12/2013,26.05
8/9/2013,25.8
8/8/2013,25.87
8/7/2013,26
8/6/2013,26.42
8/5/2013,26.4
8/2/2013,26.02
8/1/2013,27.23
7/31/2013,25.93
7/30/2013,26.03
7/29/2013,25.85
7/26/2013,25.61
7/25/2013,26.07
7/24/2013,25.88
7/23/2013,25.16
7/22/2013,24.88
7/19/2013,24.91
7/18/2013,25.34
7/17/2013,24.91
7/16/2013,25.32
7/15/2013,25.56
7/12/2013,26.01
7/11/2013,25.74
7/10/2013,26.8
7/9/2013,26.3
7/8/2013,26.45
7/5/2013,27.15
7/3/2013,25.01
7/2/2013,24.69
7/1/2013,24.9
6/28/2013,24.78
6/27/2013,24.83
6/26/2013,25.39
6/25/2013,25.89
6/24/2013,25.48
6/21/2013,25.14
6/20/2013,24.19
6/19/2013,23.11
6/18/2013,21.82
6/17/2013,21.71
6/14/2013,21.26
6/13/2013,21.74
6/12/2013,22.3
6/11/2013,21.95
6/10/2013,22.15
6/7/2013,21.61
6/6/2013,20.75
6/5/2013,21
6/4/2013,21.37
6/3/2013,21.34
5/31/2013,21.64
5/30/2013,21.24
5/29/2013,21.24
5/28/2013,21.35
5/24/2013,20.11
5/23/2013,20.23
5/22/2013,20.26
5/21/2013,19.44
5/20/2013,19.65
5/17/2013,19.49
5/16/2013,18.65
5/15/2013,19.43
5/14/2013,19.52
5/13/2013,19.23
5/10/2013,19
5/9/2013,18.13
5/8/2013,17.6
5/7/2013,17.83
5/6/2013,17.71
5/3/2013,17.52
5/2/2013,16.31
5/1/2013,16.39
4/30/2013,16.75
4/29/2013,16.68
4/26/2013,16.63
4/25/2013,17.11
4/24/2013,16.98
4/23/2013,16.98
4/22/2013,16.98
4/19/2013,17.03
4/18/2013,16.85
4/17/2013,17.04
4/16/2013,17.19
4/15/2013,17.02
4/12/2013,17.21
4/11/2013,17.91
4/10/2013,18.05
4/9/2013,17.47
4/8/2013,17.32
4/5/2013,16.94
4/4/2013,17.59
4/3/2013,18.12
4/2/2013,18.61
4/1/2013,18.4
3/28/2013,18.52
3/27/2013,18.51
3/26/2013,19.06
3/25/2013,19.15
3/22/2013,19.15
3/21/2013,19.32
3/20/2013,19.37
3/19/2013,19.08
3/18/2013,19.56
3/15/2013,19.96
3/14/2013,20.33
3/13/2013,20.21
3/12/2013,20.23
3/11/2013,20.56
3/8/2013,20.56
3/7/2013,19.91
3/6/2013,19.38
3/5/2013,18.94
3/4/2013,18.77
3/1/2013,18.53
2/28/2013,18.88
2/27/2013,19.03
2/26/2013,18.79
2/25/2013,18.95
2/22/2013,19.67
2/21/2013,19.76
2/20/2013,20.21
2/19/2013,20.26
2/15/2013,20.07
2/14/2013,20
2/13/2013,20.19
2/12/2013,19.82
2/11/2013,19.46
2/8/2013,19.54
2/7/2013,19.51
2/6/2013,19.68
2/5/2013,20.16
2/4/2013,19.73
2/1/2013,20.1
1/31/2013,19.85
1/30/2013,20.06
1/29/2013,19.88
1/28/2013,19.74
1/25/2013,19.47
1/24/2013,18.44
1/23/2013,18.33
1/22/2013,18.35
1/18/2013,18.43
1/17/2013,18.75
1/16/2013,18.24
1/15/2013,18.31
1/14/2013,18.57
1/11/2013,18.75
1/10/2013,18.94
1/9/2013,18.52
1/8/2013,18.71
1/7/2013,19.03
1/4/2013,19.15
1/3/2013,18.99
1/2/2013,18.39
12/31/2012,17.56
12/28/2012,17.11
12/27/2012,17.15
12/26/2012,17.58
12/24/2012,17.74
12/21/2012,17.54
12/20/2012,18
12/19/2012,18
12/18/2012,18.27
12/17/2012,17.63
12/14/2012,17.08
12/13/2012,17.28
12/12/2012,16.97
12/11/2012,16.49
12/10/2012,16.16
12/7/2012,16.27
12/6/2012,15.81
12/5/2012,15.91
12/4/2012,16.08
12/3/2012,16.28
11/30/2012,16.06
11/29/2012,16.2
11/28/2012,16.17
11/27/2012,16.45
11/26/2012,16.64
11/23/2012,16.93
11/21/2012,16.87
11/20/2012,16.56
11/19/2012,16.11
11/16/2012,15.74
11/15/2012,15.89
11/14/2012,15.89
11/13/2012,15.89
11/12/2012,16.11
11/9/2012,16.13
11/8/2012,16.32
11/7/2012,16.32
11/6/2012,17.42
11/5/2012,16.84
11/2/2012,17.26
11/1/2012,17.15
10/31/2012,16.86
10/26/2012,17.5
10/25/2012,18.28
10/24/2012,17.75
10/23/2012,17.64
10/22/2012,17.98
10/19/2012,17.68
10/18/2012,18.26
10/17/2012,18.11
10/16/2012,17.2
10/15/2012,16.63
10/12/2012,16.63
10/11/2012,16.75
10/10/2012,16.91
10/9/2012,17.2
10/8/2012,17.46
10/5/2012,17.32
10/4/2012,16.65
10/3/2012,16.23
10/2/2012,16.15
10/1/2012,16.25
9/28/2012,16.37
9/27/2012,16.4
9/26/2012,16.18
9/25/2012,16.82
9/24/2012,17.18
9/21/2012,17.6
9/20/2012,17.77
9/19/2012,17.82
9/18/2012,18.12
9/17/2012,18.38
9/14/2012,18.7
9/13/2012,17.56
9/12/2012,17.65
9/11/2012,16.95
9/10/2012,16.83
9/7/2012,16.61
9/6/2012,16.73
9/5/2012,15.94
9/4/2012,15.81
8/31/2012,15.62
8/30/2012,16.2
8/29/2012,16.54
8/28/2012,16.3
8/27/2012,16.49
8/24/2012,16.78
8/23/2012,16.66
8/22/2012,17.19
8/21/2012,18.05
8/20/2012,18.14
8/17/2012,18.16
8/16/2012,18.36
8/15/2012,18.05
8/14/2012,17.26
8/13/2012,16.54
8/10/2012,16.49
8/9/2012,16.88
8/8/2012,16.4
8/7/2012,16.28
8/6/2012,15.58
8/3/2012,15.77
8/2/2012,14.78
8/1/2012,15.39
7/31/2012,14.92
7/30/2012,15.04
7/27/2012,15.55
7/26/2012,14.28
7/25/2012,14.06
7/24/2012,14.04
7/23/2012,14.35
7/20/2012,14.6
7/19/2012,15.15
7/18/2012,14.79
7/17/2012,15.01
7/16/2012,14.64
7/13/2012,14.99
7/12/2012,14.79
7/11/2012,14.98
7/10/2012,14.98
7/9/2012,15.13
7/6/2012,15.44
7/5/2012,15.97
7/3/2012,16.31
7/2/2012,15.8
6/29/2012,16.59
6/28/2012,15.77
6/27/2012,16.21
6/26/2012,16.28
6/25/2012,16.08
6/22/2012,16.72
6/21/2012,16.18
6/20/2012,16.42
6/19/2012,16.2
6/18/2012,15.84
6/15/2012,15.87
6/14/2012,16.11
6/13/2012,15.99
6/12/2012,16.61
6/11/2012,16
6/8/2012,16.37
6/7/2012,16.54
6/6/2012,16.51
6/5/2012,15.56
6/4/2012,15.27
6/1/2012,14.67
5/31/2012,15.81
5/30/2012,16.25
5/29/2012,17.31
5/25/2012,17.45
5/24/2012,17.59
5/23/2012,17.21
5/22/2012,17.93
5/21/2012,17.35
5/18/2012,17.02
5/17/2012,17.02
5/16/2012,17.65
5/15/2012,17.77
5/14/2012,17.88
5/11/2012,18.41
5/10/2012,18.84
5/9/2012,18.35
5/8/2012,18.37
5/7/2012,18.77
5/4/2012,18.8
5/3/2012,19.24
5/2/2012,19.22
5/1/2012,19.56
4/30/2012,19.15
4/27/2012,19.33
4/26/2012,19.59
4/25/2012,19.84
4/24/2012,19.61
4/23/2012,19.33
4/20/2012,19.7
4/19/2012,19.52
4/18/2012,19.82
4/17/2012,20.09
4/16/2012,19.74
4/13/2012,19.98
4/12/2012,20.49
4/11/2012,20.28
4/10/2012,19.88
4/9/2012,20.37
4/5/2012,21.75
4/4/2012,22.43
4/3/2012,22.84
4/2/2012,21.93
3/30/2012,22.16
3/29/2012,21.59
3/28/2012,21.96
3/27/2012,21.87
3/26/2012,22.44
3/23/2012,22.37
3/22/2012,22.75
3/21/2012,22.94
3/20/2012,23.72
3/19/2012,23.79
3/16/2012,22.98
3/15/2012,22.81
3/14/2012,22.74
3/13/2012,21.07
3/12/2012,20.31
3/9/2012,20.38
3/8/2012,20.14
3/7/2012,19.72
3/6/2012,19.44
3/5/2012,20.05
3/2/2012,19.86
3/1/2012,20.37
2/29/2012,19.77
2/28/2012,19.29
2/27/2012,19.22
2/24/2012,19.77
2/23/2012,19.84
2/22/2012,20.05
2/21/2012,20.45
2/17/2012,20.1
2/16/2012,19.93
2/15/2012,19.31
2/14/2012,19.24
2/13/2012,19.9
2/10/2012,19.69
2/9/2012,20.47
2/8/2012,19.75
2/7/2012,19.66
2/6/2012,19.01
2/3/2012,19.49
2/2/2012,18.25
2/1/2012,18.46
1/31/2012,17.99
1/30/2012,18.37
1/27/2012,18.98
1/26/2012,19.31
1/25/2012,20.07
1/24/2012,20.64
1/23/2012,20.67
1/20/2012,20.28
1/19/2012,19.72
1/18/2012,18.97
1/17/2012,18.5
1/13/2012,18.53
1/12/2012,19.33
1/11/2012,19.04
1/10/2012,19.72
1/9/2012,19.6
1/6/2012,19.61
1/5/2012,19.93
1/4/2012,19.95
1/3/2012,19.6
12/30/2011,18.71
12/29/2011,18.97
12/28/2011,19.08
12/27/2011,20.09
12/23/2011,20.3
12/22/2011,19.51
12/21/2011,19.67
12/20/2011,19.25
12/19/2011,18.13
12/16/2011,18.54
12/15/2011,19.13
12/14/2011,19.01
12/13/2011,19.62
12/12/2011,20.09
12/9/2011,20.52
12/8/2011,19.72
12/7/2011,20.17
12/6/2011,20.93
12/5/2011,20.54
12/2/2011,20.42
12/1/2011,21.17
11/30/2011,20.68
11/29/2011,19.96
11/28/2011,19.58
11/25/2011,19.67
11/23/2011,18.79
11/22/2011,19.39
11/21/2011,19.62
11/18/2011,20.12
11/17/2011,19.58
11/16/2011,20.24
11/15/2011,20.57
11/14/2011,20.43
11/11/2011,20.56
11/10/2011,20.56
11/9/2011,19.55
11/8/2011,20.65
11/7/2011,19.94
11/4/2011,20.5
11/3/2011,20.66
11/2/2011,20.06
11/1/2011,20.01
10/31/2011,21.75
10/28/2011,23.06
10/27/2011,23.95
10/26/2011,22.03
10/25/2011,21.28
10/24/2011,22.34
10/21/2011,22.03
10/20/2011,21.8
10/19/2011,21.59
10/18/2011,21.51
10/17/2011,21.55
10/14/2011,22.32
10/13/2011,21.69
10/12/2011,22.26
10/11/2011,21.6
10/10/2011,20.76
10/7/2011,20.68
10/6/2011,19.86
10/5/2011,19.05
10/4/2011,17.81
10/3/2011,17.85
9/30/2011,19.24
9/29/2011,19.57
9/28/2011,20.02
9/27/2011,20.16
9/26/2011,19.04
9/23/2011,18.08
9/22/2011,17.15
9/21/2011,18.75
9/20/2011,19.47
9/19/2011,19.4
9/16/2011,20.76
9/15/2011,20.85
9/14/2011,20.11
9/13/2011,19.94
9/12/2011,19.3
9/9/2011,19.15
9/8/2011,19.86
9/7/2011,20.36
9/6/2011,19.79
9/2/2011,19.96
9/1/2011,21.46
8/31/2011,22.18
8/30/2011,21.76
8/29/2011,22.71
8/26/2011,21.88
8/25/2011,22.22
8/24/2011,22.6
8/23/2011,21.37
8/22/2011,20.88
8/19/2011,20.71
8/18/2011,20.83
8/17/2011,21.65
8/16/2011,22.14
8/15/2011,22.85
8/12/2011,22.37
8/11/2011,23.36
8/10/2011,21.37
8/9/2011,21.82
8/8/2011,23.39
8/5/2011,25.58
8/4/2011,24.58
8/3/2011,25.99
8/2/2011,26.24
8/1/2011,27.4
7/29/2011,28.05
7/28/2011,29.51
7/27/2011,29.8
7/26/2011,29.51
7/25/2011,30.04
7/22/2011,29.64
7/21/2011,30.1
7/20/2011,29.33
7/19/2011,28.91
7/18/2011,29.09
7/15/2011,29.08
7/14/2011,29.44
7/13/2011,28.91
7/12/2011,29.08
7/11/2011,29.17
7/8/2011,30.16
7/7/2011,31.49
7/6/2011,30.95
7/5/2011,31.36
7/1/2011,31.97
6/30/2011,31.58
6/29/2011,31.08
6/28/2011,30.45
6/27/2011,29.27
6/24/2011,28.71
6/23/2011,29.09
6/22/2011,29.93
6/21/2011,29.85
6/20/2011,29.63
6/17/2011,29.44
6/16/2011,29.09
6/15/2011,29.73
6/14/2011,30.99
6/13/2011,29.91
6/10/2011,29.71
6/9/2011,29.98
6/8/2011,29.62
6/7/2011,30.11
6/6/2011,30.02
6/3/2011,29.97
6/2/2011,30.3
6/1/2011,29.66
5/31/2011,30.5
5/27/2011,30.64
5/26/2011,30.61
5/25/2011,31.29
5/24/2011,31.23
5/23/2011,31.34
5/20/2011,31.52
5/19/2011,31.71
5/18/2011,31.71
5/17/2011,31.21
5/16/2011,31.49
5/13/2011,31.87
5/12/2011,32.3
5/11/2011,31.57
5/10/2011,31.95
5/9/2011,31.42
5/6/2011,31.57
5/5/2011,31.68
5/4/2011,32.23
5/3/2011,32.55
5/2/2011,32.86
4/29/2011,32.96
4/28/2011,33.12
4/27/2011,33.68
4/26/2011,33.2
4/25/2011,33.63
4/21/2011,34
4/20/2011,34
4/19/2011,33.56
4/18/2011,33.71
4/15/2011,34.1
4/14/2011,34.85
4/13/2011,34.66
4/12/2011,35
4/11/2011,35.7
4/8/2011,35.7
4/7/2011,35.55
4/6/2011,35.45
4/5/2011,34.87
4/4/2011,34.31
4/1/2011,34.51
3/31/2011,34.54
3/30/2011,34.55
3/29/2011,34.91
3/28/2011,34.48
3/25/2011,34.44
3/24/2011,34.04
3/23/2011,33.48
3/22/2011,33.32
3/21/2011,33.23
3/18/2011,32.77
3/17/2011,32.48
3/16/2011,32.12
3/15/2011,33.23
3/14/2011,33.47
3/11/2011,33.93
3/10/2011,33.93
3/9/2011,34.69
3/8/2011,35.44
3/7/2011,34.97
3/4/2011,34.92
3/3/2011,35.72
3/2/2011,34.64
3/1/2011,34.14
2/28/2011,34.14
2/25/2011,34.25
2/24/2011,34.38
2/23/2011,34.87
2/22/2011,34.61
2/18/2011,35.89
2/17/2011,35.74
2/16/2011,36.21
2/15/2011,36.16
2/14/2011,36.14
2/11/2011,36.46
2/10/2011,37.08
2/9/2011,36.42
2/8/2011,37.25
2/7/2011,36.44
2/4/2011,36.52
2/3/2011,35.41
2/2/2011,34.89
2/1/2011,34.43
1/31/2011,33.78
1/28/2011,33.29
1/27/2011,33.85
1/26/2011,34.28
1/25/2011,33.19
1/24/2011,34.08
1/21/2011,34.16
1/20/2011,34.59
1/19/2011,33.37
1/18/2011,33.64
1/14/2011,33.33
1/13/2011,33.01
1/12/2011,33.55
1/11/2011,33.41
1/10/2011,33.04
1/7/2011,33.28
1/6/2011,34.19
1/5/2011,34.83
1/4/2011,33.46
1/3/2011,33.42
12/31/2010,33.05
12/30/2010,33.69
12/29/2010,33.41
12/28/2010,34.81
12/27/2010,33.51
12/23/2010,33.93
12/22/2010,33.46
12/21/2010,33.26
12/20/2010,33.49
12/17/2010,33.3
12/16/2010,34.77
12/15/2010,35.2
12/14/2010,34.55
12/13/2010,32.83
12/10/2010,32.96
12/9/2010,32.23
12/8/2010,32.36
12/7/2010,31.65
12/6/2010,29.41
12/3/2010,30.17
12/2/2010,30
12/1/2010,29.64
11/30/2010,27.97
11/29/2010,28.22
11/26/2010,28.64
11/24/2010,29.14
11/23/2010,27.62
11/22/2010,28.13
11/19/2010,28.75
11/18/2010,29.02
11/17/2010,28.64
11/16/2010,28.47
11/15/2010,29.11
11/12/2010,27.56
11/10/2010,26.48
11/9/2010,26.59
11/8/2010,25.63
11/5/2010,25.36
11/4/2010,24.84
11/3/2010,26.19
11/2/2010,25.94
11/1/2010,26.28
10/29/2010,26.12
10/28/2010,26.61
10/27/2010,27.12
10/26/2010,26.36
10/25/2010,25.54
10/22/2010,25.63
10/21/2010,25.31
10/20/2010,24.7
10/19/2010,24.75
10/18/2010,24.91
10/15/2010,25.76
10/14/2010,24.95
10/13/2010,24.31
10/12/2010,24.22
10/8/2010,23.81
10/7/2010,23.96
10/6/2010,23.99
10/5/2010,24.74
10/4/2010,24.79
10/1/2010,25.26
9/30/2010,25.17
9/29/2010,25.06
9/28/2010,24.56
9/27/2010,25.17
9/24/2010,26.12
9/23/2010,25.55
9/22/2010,25.48
9/21/2010,25.94
9/20/2010,27.06
9/17/2010,27.46
9/16/2010,27.59
9/15/2010,27.23
9/14/2010,26.66
9/13/2010,27.41
9/10/2010,27.95
9/9/2010,27.61
9/8/2010,26.54
9/7/2010,26.09
9/3/2010,27.06
9/2/2010,26.28
9/1/2010,25.82
8/31/2010,24.77
8/30/2010,25.45
8/27/2010,26.52
8/26/2010,24.99
8/25/2010,25.38
8/24/2010,24.99
8/23/2010,26.07
8/20/2010,26.12
8/19/2010,25.79
8/18/2010,26.41
8/17/2010,26.45
8/16/2010,25.75
8/13/2010,26.88
8/12/2010,27.35
8/11/2010,26.85
8/10/2010,27.81
8/9/2010,28.22
8/6/2010,28.24
8/5/2010,29.15
8/4/2010,29.52
8/3/2010,29.14
8/2/2010,29.63
7/30/2010,29.07
7/29/2010,29.99
7/28/2010,30.01
7/27/2010,30.47
7/26/2010,29.94
7/23/2010,29.94
7/22/2010,29.32
7/21/2010,28.92
7/20/2010,29.32
7/19/2010,29.64
7/16/2010,29.39
7/15/2010,29.78
7/14/2010,30.5
7/13/2010,31.14
7/12/2010,30.46
7/9/2010,30.56
7/8/2010,30.2
7/7/2010,29.8
7/6/2010,29.32
7/2/2010,29.79
7/1/2010,29.27
6/30/2010,29.51
6/29/2010,29.67
6/28/2010,30.32
6/25/2010,31.13
6/24/2010,31.23
6/23/2010,31.15
6/22/2010,31.66
6/21/2010,32.43
6/18/2010,32.23
6/17/2010,31.9
6/16/2010,32.82
6/15/2010,33.1
6/14/2010,32.75
6/11/2010,32.16
6/10/2010,33.19
6/9/2010,31.87
6/8/2010,31.68
6/7/2010,31.84
6/4/2010,31.95
6/3/2010,33.79
6/2/2010,33.34
6/1/2010,32.96
5/28/2010,33.01
5/27/2010,33.38
5/26/2010,32.18
5/25/2010,31.58
5/24/2010,32.27
5/21/2010,32
5/20/2010,32.64
5/19/2010,33.59
5/18/2010,33.76
5/17/2010,34.72
5/14/2010,34.42
5/13/2010,35.64
5/12/2010,35.67
5/11/2010,35.35
5/10/2010,35.39
5/7/2010,34.29
5/6/2010,33.98
5/5/2010,35.5
5/4/2010,36.13
5/3/2010,37.05
4/30/2010,36.63
4/29/2010,37.28
4/28/2010,37.73
4/27/2010,36.9
4/26/2010,38.15
4/23/2010,38.17
4/22/2010,37.72
4/21/2010,37.38
4/20/2010,38.05
4/19/2010,38.07
4/16/2010,37.7
4/15/2010,38.48
4/14/2010,38.55
4/13/2010,38.11
4/12/2010,38.46
4/9/2010,38.88
4/8/2010,38.96
4/7/2010,38.63
4/6/2010,39.68
4/5/2010,39.94
4/1/2010,38.59
3/31/2010,38.33
3/30/2010,38.68
3/29/2010,38.64
3/26/2010,38.55
3/25/2010,39.01
3/24/2010,38.29
3/23/2010,36.8
3/22/2010,36.63
3/19/2010,36.87
3/18/2010,36.72
3/17/2010,36.42
3/16/2010,36.53
3/15/2010,37.04
3/12/2010,37.1
3/11/2010,37.2
3/10/2010,37.2
3/9/2010,37.01
3/8/2010,37.08
3/5/2010,36.82
3/4/2010,36.06
3/3/2010,36.25
3/2/2010,36.14
3/1/2010,36.06
2/26/2010,35.95
2/25/2010,36.42
2/24/2010,36.95
2/23/2010,36.91
2/22/2010,37.99
2/19/2010,37.82
2/18/2010,38.03
2/17/2010,37.42
2/16/2010,36.64
2/12/2010,36.93
2/11/2010,37.33
2/10/2010,36.94
2/9/2010,36.33
2/8/2010,35.92
2/5/2010,35.46
2/4/2010,36.1
2/3/2010,37.03
2/2/2010,36.35
2/1/2010,36.54
1/29/2010,36.09
1/28/2010,36.58
1/27/2010,36.44
1/26/2010,36.3
1/25/2010,36.3
1/22/2010,35.98
1/21/2010,36.11
1/20/2010,36.59
1/19/2010,37.07
1/15/2010,36.76
1/14/2010,37.34
1/13/2010,37.83
1/12/2010,37.19
1/11/2010,38.18
1/8/2010,38.08
1/7/2010,38.22
1/6/2010,38.08
1/5/2010,37.55
1/4/2010,38.41
12/31/2009,38.43
12/30/2009,37.84
12/29/2009,38.09
12/28/2009,38.42
12/24/2009,38.07
12/23/2009,37.48
12/22/2009,37.44
12/21/2009,36.82
12/18/2009,35.46
12/17/2009,34.87
12/16/2009,35.96
12/15/2009,36.03
12/14/2009,35.46
12/11/2009,35.4
12/10/2009,34.82
12/9/2009,34.23
12/8/2009,33.92
12/7/2009,34.48
12/4/2009,34.83
12/3/2009,33.8
12/2/2009,33.23
12/1/2009,32.75
11/30/2009,32.01
11/27/2009,32.31
11/25/2009,32.79
11/24/2009,33.17
11/23/2009,33.64
11/20/2009,33.56
11/19/2009,33.49
11/18/2009,33.66
11/17/2009,33.19
11/16/2009,33.31
11/13/2009,34.29
11/12/2009,34.46
11/11/2009,34.74
11/10/2009,34.82
11/9/2009,34.86
11/6/2009,35.03
11/5/2009,35.33
11/4/2009,35.46
11/3/2009,34.73
11/2/2009,34.22
10/30/2009,33.92
10/29/2009,35.01
10/28/2009,34.11
10/27/2009,34.62
10/26/2009,35.54
10/23/2009,34.75
10/22/2009,34.21
10/21/2009,34.11
10/20/2009,33.37
10/19/2009,33.95
10/16/2009,34.17
10/15/2009,34.7
10/14/2009,34.23
10/13/2009,33.12
10/12/2009,33.8
10/9/2009,33.84
10/8/2009,32.55
10/7/2009,31.75
10/6/2009,32.48
10/5/2009,32.24
10/2/2009,32.21
10/1/2009,31.94
9/30/2009,33.07
9/29/2009,32.92
9/28/2009,33.02
9/25/2009,33.29
9/24/2009,33.81
9/23/2009,34.18
9/22/2009,34.56
9/21/2009,34.87
9/18/2009,34.74
9/17/2009,33.98
9/16/2009,34.71
9/15/2009,34.52
9/14/2009,34.06
9/11/2009,33.43
9/10/2009,33.42
9/9/2009,34.79
9/8/2009,34.69
9/4/2009,34.42
9/3/2009,33.28
9/2/2009,32.95
9/1/2009,33.75
8/31/2009,34.01
8/28/2009,34.51
8/27/2009,34.62
8/26/2009,34.38
8/25/2009,34.5
8/24/2009,34.94
8/21/2009,35.56
8/20/2009,34.35
8/19/2009,34.63
8/18/2009,35.26
8/17/2009,34.91
8/14/2009,35.58
8/13/2009,35.91
8/12/2009,37.01
8/11/2009,36.93
8/10/2009,37.71
8/7/2009,38.54
8/6/2009,37.46
8/5/2009,37.64
8/4/2009,36.79
8/3/2009,36.39
7/31/2009,35.01
7/30/2009,36.41
7/29/2009,36.64
7/28/2009,36.88
7/27/2009,37.13
7/24/2009,36.7
7/23/2009,37.09
7/22/2009,35.54
7/21/2009,34.77
7/20/2009,35.85
7/17/2009,36.51
7/16/2009,35.57
7/15/2009,35.96
7/14/2009,34.47
7/13/2009,33.46
7/10/2009,32.95
7/9/2009,34.13
7/8/2009,32.89
7/7/2009,34.6
7/6/2009,35.06
7/2/2009,34.95
7/1/2009,35.44
6/30/2009,35.23
6/29/2009,34.92
6/26/2009,35.06
6/25/2009,35.46
6/24/2009,36.85
6/23/2009,36.4
6/22/2009,36.93
6/19/2009,37.89
6/18/2009,38.34
6/17/2009,36.47
6/16/2009,36.74
6/15/2009,37.13
6/12/2009,37.88
6/11/2009,38.62
6/10/2009,39.36
6/9/2009,38.58
6/8/2009,38.89
6/5/2009,38.62
6/4/2009,37.16
6/3/2009,35.51
6/2/2009,36.44
6/1/2009,37.15
5/29/2009,34.65
5/28/2009,36.72
5/27/2009,36.95
5/26/2009,34.93
5/22/2009,34.48
5/21/2009,33.53
5/20/2009,32.02
5/19/2009,32.43
5/18/2009,32.11
5/15/2009,31.23
5/14/2009,31.07
5/13/2009,31.05
5/12/2009,31.75
5/11/2009,31.8
5/8/2009,32.93
5/7/2009,32.95
5/6/2009,31.52
5/5/2009,31.57
5/4/2009,31.57
5/1/2009,31.74
4/30/2009,31.24
4/29/2009,30.96
4/28/2009,30.02
4/27/2009,29.21
4/24/2009,29.96
4/23/2009,29.27
4/22/2009,29.64
4/21/2009,29.02
4/20/2009,28.43
4/17/2009,29.3
4/16/2009,28.3
4/15/2009,27.59
4/14/2009,27.86
4/13/2009,28.45
4/9/2009,29.26
4/8/2009,28.47
4/7/2009,29.09
4/6/2009,29.39
4/3/2009,29.07
4/2/2009,27.52
4/1/2009,26.58
3/31/2009,26.85
3/30/2009,27.14
3/27/2009,27.61
3/26/2009,27.33
3/25/2009,27.72
3/24/2009,26.54
3/23/2009,26.6
3/20/2009,26.25
3/19/2009,25.97
3/18/2009,25.33
3/17/2009,30.03
3/16/2009,29.51
3/13/2009,28.85
3/12/2009,28.92
3/11/2009,29.16
3/10/2009,29.82
3/9/2009,28.86
3/6/2009,28.28
3/5/2009,28.19
3/4/2009,30.11
3/3/2009,29.38
3/2/2009,29.19
2/27/2009,30.41
2/26/2009,29.78
2/25/2009,29.45
2/24/2009,27.99
2/23/2009,27.77
2/20/2009,27.72
2/19/2009,28.57
2/18/2009,27.28
2/17/2009,26.62
2/13/2009,28.82
2/12/2009,27.91
2/11/2009,27.62
2/10/2009,28.47
2/9/2009,30.27
2/6/2009,29.79
2/5/2009,29
2/4/2009,29.14
2/3/2009,28.42
2/2/2009,27.19
1/30/2009,28.44
1/29/2009,28.15
1/28/2009,26.56
1/27/2009,25.19
1/26/2009,26.43
1/23/2009,26.22
1/22/2009,25.94
1/21/2009,25.26
1/20/2009,23.45
1/16/2009,23.04
1/15/2009,22.01
1/14/2009,22.13
1/13/2009,22.97
1/12/2009,23.09
1/9/2009,24.07
1/8/2009,24.45
1/7/2009,24.94
1/6/2009,25.05
1/5/2009,24.88
1/2/2009,24.16
12/31/2008,22.44
12/30/2008,20.87
12/29/2008,20.96
12/26/2008,21.37
12/24/2008,21.71
12/23/2008,21.63
12/22/2008,21.41
12/19/2008,21.31
12/18/2008,20.74
12/17/2008,21.9
12/16/2008,23.63
12/15/2008,25.33
12/12/2008,25.89
12/11/2008,26.48
12/10/2008,26.84
12/9/2008,26.69
12/8/2008,27.34
12/5/2008,26.57
12/4/2008,25.7
12/3/2008,26.76
12/2/2008,26.93
12/1/2008,27.19
11/28/2008,29.57
11/26/2008,30.01
11/25/2008,30.92
11/24/2008,33.4
11/21/2008,31.67
11/20/2008,31.44
11/19/2008,33.91
11/18/2008,35.35
11/17/2008,36.84
11/14/2008,37.5
11/13/2008,38.18
11/12/2008,36.65
11/11/2008,37.55
11/10/2008,37.6
11/7/2008,37.8
11/6/2008,37.07
11/5/2008,36.94
11/4/2008,37.65
11/3/2008,39.04
10/31/2008,39.7
10/30/2008,39.39
10/29/2008,38.74
10/28/2008,38.2
10/27/2008,37.29
10/24/2008,36.97
10/23/2008,35.34
10/22/2008,36.18
10/21/2008,37.03
10/20/2008,38.86
10/17/2008,39.38
10/16/2008,39.36
10/15/2008,40.11
10/14/2008,40.23
10/10/2008,38.61
10/9/2008,38.34
10/8/2008,37.15
10/7/2008,35.06
10/6/2008,34.26
10/3/2008,36.44
10/2/2008,36.46
10/1/2008,37.68
9/30/2008,38.27
9/29/2008,36.32
9/26/2008,38.27
9/25/2008,38.62
9/24/2008,37.71
9/23/2008,38.41
9/22/2008,38.26
9/19/2008,37.69
9/18/2008,34.37
9/17/2008,34.1
9/16/2008,34.91
9/15/2008,34.83
9/12/2008,37.3
9/11/2008,36.22
9/10/2008,36.41
9/9/2008,35.96
9/8/2008,36.65
9/5/2008,36.6
9/4/2008,36.43
9/3/2008,36.97
9/2/2008,37.46
8/29/2008,38.13
8/28/2008,37.95
8/27/2008,37.72
8/26/2008,37.84
8/25/2008,37.91
8/22/2008,38.67
8/21/2008,38.38
8/20/2008,37.99
8/19/2008,38.42
8/18/2008,38.16
8/15/2008,38.52
8/14/2008,38.92
8/13/2008,39.47
8/12/2008,39.18
8/11/2008,40.02
8/8/2008,39.5
8/7/2008,39.35
8/6/2008,40.48
8/5/2008,40.07
8/4/2008,39.72
8/1/2008,39.48
7/31/2008,39.79
7/30/2008,40.48
7/29/2008,40.44
7/28/2008,40.18
7/25/2008,41.11
7/24/2008,40.16
7/23/2008,41.48
7/22/2008,40.97
7/21/2008,40.67
7/18/2008,40.81
7/17/2008,40.38
7/16/2008,39.34
7/15/2008,38.44
7/14/2008,38.8
7/11/2008,39.4
7/10/2008,38.11
7/9/2008,38.34
7/8/2008,38.8
7/7/2008,39.3
7/3/2008,39.73
7/2/2008,39.59
7/1/2008,39.92
6/30/2008,39.79
6/27/2008,39.9
6/26/2008,40.33
6/25/2008,41.15
6/24/2008,41.05
6/23/2008,41.68
6/20/2008,41.37
6/19/2008,41.99
6/18/2008,41.54
6/17/2008,42.25
6/16/2008,42.45
6/13/2008,42.61
6/12/2008,42.05
6/11/2008,40.73
6/10/2008,40.99
6/9/2008,39.92
6/6/2008,39.38
6/5/2008,40.25
6/4/2008,39.4
6/3/2008,38.98
6/2/2008,39.71
5/30/2008,40.46
5/29/2008,40.79
5/28/2008,40.09
5/27/2008,39.21
5/23/2008,38.31
5/22/2008,39.21
5/21/2008,38.22
5/20/2008,37.76
5/19/2008,38.39
5/16/2008,38.5
5/15/2008,38.43
5/14/2008,39.38
5/13/2008,39.09
5/12/2008,37.75
5/9/2008,37.67
5/8/2008,38.05
5/7/2008,38.67
5/6/2008,38.93
5/5/2008,38.45
5/2/2008,38.45
5/1/2008,37.49
4/30/2008,37.59
4/29/2008,38.25
4/28/2008,38.35
4/25/2008,38.66
4/24/2008,38.27
4/23/2008,37.3
4/22/2008,37.2
4/21/2008,37.12
4/18/2008,37.43
4/17/2008,37.29
4/16/2008,36.96
4/15/2008,35.7
4/14/2008,35.03
4/11/2008,34.71
4/10/2008,35.32
4/9/2008,34.66
4/8/2008,35.58
4/7/2008,35.56
4/4/2008,34.81
4/3/2008,35.91
4/2/2008,35.83
4/1/2008,35.45
3/31/2008,34.32
3/28/2008,34.66
3/27/2008,35.34
3/26/2008,34.94
3/25/2008,34.92
3/24/2008,35.22
3/20/2008,33.28
3/19/2008,33.62
3/18/2008,34.51
3/17/2008,33.14
3/14/2008,34.21
3/13/2008,35.34
3/12/2008,34.83
3/11/2008,35.96
3/10/2008,34.38
3/7/2008,35.41
3/6/2008,36.22
3/5/2008,36.93
3/4/2008,35.79
3/3/2008,35.34
2/29/2008,35.34
2/28/2008,37.15
2/27/2008,38.5
2/26/2008,38.6
2/25/2008,39.02
2/22/2008,37.9
2/21/2008,37.84
2/20/2008,39.17
2/19/2008,38.75
2/15/2008,37.8
2/14/2008,38.18
2/13/2008,36.94
2/12/2008,36.79
2/11/2008,36.18
2/8/2008,36.54
2/7/2008,37.36
2/6/2008,36.14
2/5/2008,35.87
2/4/2008,36.43
2/1/2008,36
1/31/2008,36.39
1/30/2008,37.33
1/29/2008,36.58
1/28/2008,35.86
1/25/2008,35.84
1/24/2008,36.4
1/23/2008,34.26
1/22/2008,34.84
1/18/2008,36.48
1/17/2008,36.4
1/16/2008,37.12
1/15/2008,37.01
1/14/2008,37.93
1/11/2008,38.1
1/10/2008,38.87
1/9/2008,37.91
1/8/2008,38.4
1/7/2008,38.39
1/4/2008,38.54
1/3/2008,39.01
1/2/2008,39.01
12/31/2007,40.35
12/28/2007,40.96
12/27/2007,41.99
12/26/2007,42.81
12/24/2007,42.12
12/21/2007,41.68
12/20/2007,40.26
12/19/2007,40.7
12/18/2007,41.2
12/17/2007,41.93
12/14/2007,42.32
12/13/2007,41.7
12/12/2007,40.76
12/11/2007,39.9
12/10/2007,41.49
12/7/2007,41.2
12/6/2007,39.98
12/5/2007,39.11
12/4/2007,38.89
12/3/2007,38.95
11/30/2007,39.72
11/29/2007,39.4
11/28/2007,40.25
11/27/2007,39.44
11/26/2007,38.47
11/23/2007,40.12
11/21/2007,40.24
11/20/2007,40.54
11/19/2007,40.79
11/16/2007,41.5
11/15/2007,41.59
11/14/2007,42.69
11/13/2007,42.56
11/12/2007,42.11
11/9/2007,42.25
11/8/2007,42.73
11/7/2007,43.34
11/6/2007,43.57
11/5/2007,43.18
11/2/2007,42.91
11/1/2007,43.61
10/31/2007,44.75
10/30/2007,43.83
10/29/2007,43.83
10/26/2007,43.89
10/25/2007,43.52
10/24/2007,43.31
10/23/2007,44.05
10/22/2007,43.93
10/19/2007,44.01
10/18/2007,45.03
10/17/2007,45.46
10/16/2007,46.55
10/15/2007,46.73
10/12/2007,46.87
10/11/2007,46.59
10/10/2007,46.47
10/9/2007,46.51
10/8/2007,46.38
10/5/2007,46.4
10/4/2007,45.23
10/3/2007,45.43
10/2/2007,45.29
10/1/2007,45.57
9/28/2007,45.79
9/27/2007,45.73
9/26/2007,46.2
9/25/2007,46.14
9/24/2007,46.24
9/21/2007,46.32
9/20/2007,46.72
9/19/2007,45.24
9/18/2007,44.8
9/17/2007,44.7
9/14/2007,44.62
9/13/2007,44.82
9/12/2007,44.08
9/11/2007,43.64
9/10/2007,43.24
9/7/2007,43.68
9/6/2007,45
9/5/2007,44.73
9/4/2007,45.58
8/31/2007,45.37
8/30/2007,45.02
8/29/2007,45.53
8/28/2007,45.3
8/27/2007,45.96
8/24/2007,46.33
8/23/2007,46.18
8/22/2007,46.2
8/21/2007,45.9
8/20/2007,46.34
8/17/2007,46.73
8/16/2007,46
8/15/2007,47.06
8/14/2007,47.32
8/13/2007,47.78
8/10/2007,47.76
8/9/2007,47.9
8/8/2007,48.6
8/7/2007,47.43
8/6/2007,47.31
8/3/2007,47
8/2/2007,47.53
8/1/2007,47.59
7/31/2007,47.71
7/30/2007,48.04
7/27/2007,47.88
7/26/2007,47.77
7/25/2007,49.04
7/24/2007,49.44
7/23/2007,49.64
7/20/2007,49.56
7/19/2007,50.28
7/18/2007,50.1
7/17/2007,50.78
7/16/2007,50.41
7/13/2007,51.07
7/12/2007,51.16
7/11/2007,50.8
7/10/2007,50.38
7/9/2007,51.59
7/6/2007,51.95
7/5/2007,51.44
7/3/2007,50.5
7/2/2007,49.98
6/29/2007,50.33
6/28/2007,51.18
6/27/2007,50.7
6/26/2007,51.01
6/25/2007,50.78
6/22/2007,51.38
6/21/2007,51.63
6/20/2007,51.23
6/19/2007,50.86
6/18/2007,51.42
6/15/2007,51.71
6/14/2007,52.17
6/13/2007,52
6/12/2007,52.48
6/11/2007,51.37
6/8/2007,51.18
6/7/2007,50.99
6/6/2007,49.7
6/5/2007,49.76
6/4/2007,49.29
6/1/2007,49.56
5/31/2007,48.9
5/30/2007,48.78
5/29/2007,48.82
5/25/2007,48.61
5/24/2007,48.57
5/23/2007,48.59
5/22/2007,48.31
5/21/2007,47.88
5/18/2007,48.04
5/17/2007,47.56
5/16/2007,47.08
5/15/2007,47.12
5/14/2007,46.9
5/11/2007,46.7
5/10/2007,46.48
5/9/2007,46.68
5/8/2007,46.34
5/7/2007,46.36
5/4/2007,46.4
5/3/2007,46.74
5/2/2007,46.46
5/1/2007,46.42
4/30/2007,46.3
4/27/2007,46.98
4/26/2007,46.84
4/25/2007,46.46
4/24/2007,46.22
4/23/2007,46.5
4/20/2007,46.72
4/19/2007,46.7
4/18/2007,46.54
4/17/2007,46.88
4/16/2007,47.35
4/13/2007,47.61
4/12/2007,47.37
4/11/2007,47.39
4/10/2007,47.24
4/9/2007,47.45
4/5/2007,46.74
4/4/2007,46.52
4/3/2007,46.64
4/2/2007,46.42
3/30/2007,46.48
3/29/2007,46.32
3/28/2007,46.2
3/27/2007,46.12
3/26/2007,45.87
3/23/2007,46.13
3/22/2007,45.89
3/21/2007,45.18
3/20/2007,45.47
3/19/2007,45.71
3/16/2007,45.45
3/15/2007,45.36
3/14/2007,45.22
3/13/2007,44.95
3/12/2007,45.53
3/9/2007,45.89
3/8/2007,45.09
3/7/2007,44.97
3/6/2007,45.28
3/5/2007,45.18
3/2/2007,45.15
3/1/2007,45.56
2/28/2007,45.5
2/27/2007,45.13
2/26/2007,46.31
2/23/2007,46.78
2/22/2007,47.3
2/21/2007,46.92
2/20/2007,46.8
2/16/2007,46.9
2/15/2007,47.06
2/14/2007,47.3
2/13/2007,48.14
2/12/2007,48.04
2/9/2007,47.84
2/8/2007,47.3
2/7/2007,47.45
2/6/2007,47.65
2/5/2007,48.08
2/2/2007,48.27
2/1/2007,48.37
1/31/2007,48.26
1/30/2007,48.75
1/29/2007,48.92
1/26/2007,48.79
1/25/2007,48.67
1/24/2007,48.1
1/23/2007,48.04
1/22/2007,47.59
1/19/2007,47.73
1/18/2007,47.51
1/17/2007,47.87
1/16/2007,47.51
1/12/2007,47.71
1/11/2007,47.37
1/10/2007,46.82
1/9/2007,46.56
1/8/2007,46.6
1/5/2007,46.46
1/4/2007,46.18
1/3/2007,46.64
